-- phpMyAdmin SQL Dump
-- version 4.5.5
-- http://www.phpmyadmin.net
--
-- Host: localhost
-- Generation Time: Mar 03, 2016 at 05:24 AM
-- Server version: 10.1.11-MariaDB-log
-- PHP Version: 7.0.3

SET SQL_MODE = "NO_AUTO_VALUE_ON_ZERO";
SET time_zone = "+00:00";


/*!40101 SET @OLD_CHARACTER_SET_CLIENT=@@CHARACTER_SET_CLIENT */;
/*!40101 SET @OLD_CHARACTER_SET_RESULTS=@@CHARACTER_SET_RESULTS */;
/*!40101 SET @OLD_COLLATION_CONNECTION=@@COLLATION_CONNECTION */;
/*!40101 SET NAMES utf8mb4 */;

--
-- Database: `manager`
--

-- --------------------------------------------------------

--
-- Table structure for table `About`
--

CREATE TABLE `About` (
  `id` int(11) NOT NULL,
  `content` text
) ENGINE=InnoDB DEFAULT CHARSET=utf8;

--
-- Dumping data for table `About`
--

INSERT INTO `About` (`id`, `content`) VALUES
(1, '<div>\r\n<div>\r\n<div id="vnContent1_tblContentHeader">\r\n<h1><a href="http://nhathuocviet.vn/chuyen-muc/gioi-thieu.html">Giới thiệu</a></h1>\r\n</div>\r\n\r\n<div id="vnContent1__ctl0_tblDBInfo">\r\n<div><img alt="Giới thiệu về Nhà Thuốc Việt" src="http://nhathuocviet.vn/data/items/907/1.png" style="width:240px" title="Giới Thiệu" /></div>\r\n\r\n<div>\r\n<ul>\r\n	<li>\r\n	<h1>Giới Thiệu</h1>\r\n	</li>\r\n	<li>\r\n	<div>&nbsp;<a href="http://www.nhathuocviet.vn/">www.nhathuocviet.vn</a> l&agrave; website ch&iacute;nh thức của Nh&agrave; thuốc Việt, một trong những nh&agrave; thuốc đầu ti&ecirc;n đạt chuẩn GPP (thực h&agrave;nh tốt nh&agrave; thuốc) của Bộ Y tế. Với vị tr&iacute; đắc địa, nằm gần cổng ch&iacute;nh của bệnh viện Chợ Rẫy, bệnh viện lớn nhất của cả nước, cộng với đội ngũ dược sĩ v&agrave; nh&acirc;n vi&ecirc;n gi&agrave;u kinh nghiệm, nhiệt t&acirc;m, y&ecirc;u nghề, sau 8 năm x&acirc;y dựng v&agrave; ph&aacute;t triển, hiện nay nh&agrave; thuốc Việt l&agrave; 1 trong những nh&agrave; thuốc uy t&iacute;n nhất tại TP.HCM n&oacute;i ri&ecirc;ng v&agrave; cả nước n&oacute;i chung. Việc n&agrave;y được khẳng định bằng việc nh&agrave; thuốc đ&atilde; đạt giải thưởng &ldquo;thương hiệu chăm s&oacute;c sức khỏe v&agrave; sắp đẹp uy t&iacute;n&rdquo; do Tổng Hội Y Dược Việt Nam trao tặng.</div>\r\n\r\n	<p>&nbsp;</p>\r\n	</li>\r\n	<li>\r\n	<div><iframe frameborder="0" height="1000px" name="f17ede64d51dfb6" scrolling="no" src="http://www.facebook.com/plugins/like.php?app_id=&amp;channel=http%3A%2F%2Fstaticxx.facebook.com%2Fconnect%2Fxd_arbiter.php%3Fversion%3D42%23cb%3Df13888ae73031a4%26domain%3Dnhathuocviet.vn%26origin%3Dhttp%253A%252F%252Fnhathuocviet.vn%252Ff39e822d3dad1f4%26relation%3Dparent.parent&amp;container_width=385&amp;href=http%3A%2F%2Fnhathuocviet.vn%2Fchuyen-muc%2Fgioi-thieu.html&amp;layout=button_count&amp;locale=en_US&amp;sdk=joey&amp;send=true&amp;show_faces=true&amp;width=450" title="fb:like Facebook Social Plugin" width="450px"></iframe></div>\r\n\r\n	<div id="___plusone_0"><iframe frameborder="0" id="I0_1456897396637" name="I0_1456897396637" scrolling="no" src="https://apis.google.com/u/0/se/0/_/+1/fastbutton?usegapi=1&amp;size=medium&amp;origin=http%3A%2F%2Fnhathuocviet.vn&amp;url=http%3A%2F%2Fnhathuocviet.vn%2Fchuyen-muc%2Fgioi-thieu.html&amp;gsrc=3p&amp;ic=1&amp;jsh=m%3B%2F_%2Fscs%2Fapps-static%2F_%2Fjs%2Fk%3Doz.gapi.vi.qtfC-nINGwU.O%2Fm%3D__features__%2Fam%3DAQ%2Frt%3Dj%2Fd%3D1%2Frs%3DAGLTcCMqhntqCr5wjRYgV6a6wWEmCM--Xg#_methods=onPlusOne%2C_ready%2C_close%2C_open%2C_resizeMe%2C_renderstart%2Concircled%2Cdrefresh%2Cerefresh&amp;id=I0_1456897396637&amp;parent=http%3A%2F%2Fnhathuocviet.vn&amp;pfname=&amp;rpctoken=15447670" title="+1" width="100%"></iframe></div>\r\n	</li>\r\n</ul>\r\n</div>\r\n</div>\r\n\r\n<div id="vnContent1__ctl0_tblHtmlInfo">\r\n<div>\r\n<div>&nbsp;Ngo&agrave;i việc&nbsp;b&aacute;n h&agrave;ng trực tiếp tại 2 địa chỉ:&nbsp;<strong>596 Nguyễn Ch&iacute; Thanh, Phường 7, quận 11, TP. HCM&nbsp;</strong><strong>v&agrave; 210 Nguyễn Th&aacute;i Sơn, Phường 4, Quận G&ograve; Vấp, TP. HCM</strong><strong>, </strong>th&igrave; webtie n&agrave;y l&agrave; k&ecirc;nh b&aacute;n h&agrave;ng trực tuyến ch&iacute;nh thức của ch&uacute;ng t&ocirc;i. Với h&agrave;ng trăm sản phẩm được giới thiệu tr&ecirc;n website v&agrave; h&agrave;ng ng&agrave;n sản phẩm kh&aacute;c được b&aacute;n trực tiếp tại nh&agrave; thuốc, nh&agrave; thuốc Việt đảm bảo cung cấp đầy đủ c&aacute;c mặt h&agrave;ng dược phẩm như:</div>\r\n\r\n<p>&nbsp; -&nbsp;&nbsp;&nbsp;&nbsp;&nbsp;&nbsp;Thực phẩm chức năng</p>\r\n\r\n<p>&nbsp; -&nbsp;&nbsp;&nbsp;&nbsp;&nbsp;&nbsp;Thuốc bổ</p>\r\n\r\n<p>&nbsp; -&nbsp;&nbsp;&nbsp;&nbsp;&nbsp;&nbsp;Thuốc chữa bệnh.</p>\r\n\r\n<p>&nbsp; -&nbsp;&nbsp;&nbsp;&nbsp;&nbsp;&nbsp;Dược mỹ phẩm.</p>\r\n\r\n<p>&nbsp; -&nbsp;&nbsp;&nbsp;&nbsp;&nbsp;&nbsp;Mỹ phẩm</p>\r\n\r\n<p>&nbsp;</p>\r\n\r\n<p><img alt="" src="http://nhathuocviet.vn//data/items/907/Untitled2.png" style="height:124px; width:500px" /></p>\r\n\r\n<p>V&igrave; l&agrave; nh&agrave; thuốc đạt chuẩn GPP n&ecirc;n tất cả c&aacute;c sản phẩm được b&aacute;n tr&ecirc;n website v&agrave; c&aacute;c sản phẩm được b&aacute;n tại nh&agrave; thuốc đều l&agrave; c&aacute;c sản phẩm c&oacute; nguồn gốc r&otilde; r&agrave;ng, c&oacute; sự kiểm định v&agrave; đăng k&yacute; lưu h&agrave;nh của Bộ&nbsp;Y Tế Việt Nam. Qu&yacute; kh&aacute;ch c&oacute; thể ho&agrave;n to&agrave;n y&ecirc;n t&acirc;m về chất lượng v&agrave; gi&aacute; th&agrave;nh của sản phẩm.</p>\r\n\r\n<p>&nbsp;</p>\r\n\r\n<p>&nbsp;</p>\r\n\r\n<p>Vui l&ograve;ng <a href="http://nhathuocviet.vn/lien-he.html">li&ecirc;n hệ</a> qua website hoặc đến trực tiếp 1 trong 2 địa chỉ: &nbsp;596 Nguyễn Ch&iacute; Thanh, Phường 7, Quận 11, TP. HCM (Gần cổng ch&iacute;nh, Bệnh viện Chợ Rẫy)&nbsp;v&agrave; 210 Nguyễn Th&aacute;i Sơn, Phường 4, Quận G&ograve; Vấp, TP. HCM.</p>\r\n\r\n<p>&nbsp;</p>\r\n\r\n<p>ĐT:&nbsp;08.39561247&nbsp;Email:&nbsp;<a href="mailto:lienhe@thegioiduocpham.vn">lienhe@thegioiduocpham.vn</a>&nbsp;Hot line:&nbsp;097 703 7676</p>\r\n\r\n<p>&nbsp;</p>\r\n\r\n<p>&nbsp;</p>\r\n\r\n<div>Rất mong được phục vụ qu&yacute; kh&aacute;ch.</div>\r\n</div>\r\n</div>\r\n</div>\r\n</div>\r\n');

-- --------------------------------------------------------

--
-- Table structure for table `Categories`
--

CREATE TABLE `Categories` (
  `CategoriesID` int(11) NOT NULL,
  `CategoriesName` varchar(255) NOT NULL,
  `Description` varchar(255) DEFAULT NULL
) ENGINE=InnoDB DEFAULT CHARSET=utf8;

--
-- Dumping data for table `Categories`
--

INSERT INTO `Categories` (`CategoriesID`, `CategoriesName`, `Description`) VALUES
(3, 'Thuốc Kháng Sinh', 'Đây là thuốc kháng sinh'),
(5, 'Thuốc chống dị ứng', 'Các lại thuốc chống dị ứng '),
(6, 'Thuốc trị bênh giun sán', 'Thuốc trị bênh giun sán'),
(7, 'Thuốc sát trùng', 'Thuốc sát trùng'),
(9, 'Thuốc chống đông máu - cầm máu', 'Thuốc chống đông máu - cầm máu'),
(10, 'Thuốc chữa nấm', 'Thuốc chữa nấm'),
(11, 'Thuốc điều trị gan ', 'Thuốc điều trị gan '),
(12, 'Vitamin và Khoáng Chất', 'Vitamin và Khoáng Chất');

-- --------------------------------------------------------

--
-- Table structure for table `OrderDetails`
--

CREATE TABLE `OrderDetails` (
  `OrderID` int(11) NOT NULL,
  `ProductID` int(11) NOT NULL,
  `Quantity` int(11) NOT NULL,
  `Price` int(11) NOT NULL
) ENGINE=InnoDB DEFAULT CHARSET=latin1;

--
-- Dumping data for table `OrderDetails`
--

INSERT INTO `OrderDetails` (`OrderID`, `ProductID`, `Quantity`, `Price`) VALUES
(1, 6, 1, 71000),
(8, 11, 1, 20000),
(8, 13, 2, 164000),
(8, 15, 2, 243000),
(8, 8, 2, 340000),
(9, 18, 1, 5000),
(9, 6, 1, 63900),
(9, 8, 1, 170000),
(10, 16, 1, 9000),
(10, 12, 2, 100000),
(10, 14, 1, 27000),
(10, 17, 1, 4500),
(10, 9, 2, 200000),
(10, 15, 2, 243000),
(11, 8, 1, 170000),
(12, 11, 1, 20000),
(12, 9, 1, 100000),
(15, 12, 5, 250000),
(15, 7, 1, 25000),
(15, 16, 1, 9000),
(16, 9, 1, 100000),
(17, 11, 1, 20000),
(17, 13, 1, 82000);

-- --------------------------------------------------------

--
-- Table structure for table `Orders`
--

CREATE TABLE `Orders` (
  `OrderID` int(11) NOT NULL,
  `UserID` int(11) NOT NULL,
  `OrderDate` date NOT NULL,
  `ShipName` varchar(255) DEFAULT NULL,
  `ShipAddress` varchar(255) DEFAULT NULL
) ENGINE=InnoDB DEFAULT CHARSET=utf8;

--
-- Dumping data for table `Orders`
--

INSERT INTO `Orders` (`OrderID`, `UserID`, `OrderDate`, `ShipName`, `ShipAddress`) VALUES
(1, 1, '2016-02-11', 'dsdsds', 'sdsds'),
(8, 1, '2016-02-19', 'Hà Nội', 'Long Biên'),
(9, 1, '2016-02-19', 'Hoài Nam', 'Phúc La Hà Đông'),
(10, 1, '2016-02-19', 'Bác A', 'Hồ Chí Minh '),
(11, 1, '2016-02-19', 'Anh Lihn', 'Lào Cai'),
(12, 2, '2016-02-19', 'Thanh Minh', 'Đắc Lắc'),
(15, 1, '2016-02-20', 'FDFDFD', 'Ha Noi'),
(16, 1, '2016-03-02', 'gfgfgfgfg', 'fgfgfg'),
(17, 1, '2016-03-02', 'fdfdfd', 'dfdfdfdfdfd');

-- --------------------------------------------------------

--
-- Table structure for table `Product`
--

CREATE TABLE `Product` (
  `ProductID` int(11) NOT NULL,
  `ProductName` varchar(255) NOT NULL,
  `SupplierID` int(11) DEFAULT NULL,
  `CategoryID` int(11) DEFAULT NULL,
  `Unit` varchar(50) DEFAULT NULL,
  `UnitPrice` int(11) DEFAULT NULL,
  `Quantity` int(11) DEFAULT NULL,
  `SaleOff` float DEFAULT NULL,
  `Picture` varchar(255) DEFAULT NULL,
  `Description` mediumtext
) ENGINE=InnoDB DEFAULT CHARSET=utf8;

--
-- Dumping data for table `Product`
--

INSERT INTO `Product` (`ProductID`, `ProductName`, `SupplierID`, `CategoryID`, `Unit`, `UnitPrice`, `Quantity`, `SaleOff`, `Picture`, `Description`) VALUES
(6, 'Montiget 10mg', 1, 5, 'Hộp 2 vỉ x 7 viên', 71000, 90, 0.1, 'upload/sehat-com-pk-montiget-tab-10mg-14-s__53477_zoom.jpg', '<p>L&agrave;m giảm c&aacute;c triệu chứng ban ng&agrave;y v&agrave; ban đ&ecirc;m của vi&ecirc;m mũi dị ứng (vi&ecirc;m mũi dị ứng theo m&ugrave;a cho người lớn v&agrave; trẻ em từ 2 năm tuổi trở l&ecirc;n, v&agrave; vi&ecirc;m mũi dị ứng quanh năm cho người lớn v&agrave; trẻ em từ 6 th&aacute;ng tuổi trở l&ecirc;n).</p>\r\n\r\n<p><strong>Th&agrave;nh phần:</strong></p>\r\n\r\n<p>Montelukast 10mg</p>\r\n\r\n<p>&nbsp;</p>\r\n\r\n<div><strong>Chống chỉ định:</strong></div>\r\n\r\n<div>Qu&aacute; mẫn cảm với bất kỳ th&agrave;nh phần n&agrave;o của thuốc.</div>\r\n\r\n<div>&nbsp;</div>\r\n\r\n<div>&nbsp;</div>\r\n\r\n<div><strong>C&aacute;ch d&ugrave;ng:</strong></div>\r\n\r\n<div>Người trường th&agrave;nh v&agrave; thanh ni&ecirc;n 15 tuổi trở l&ecirc;n mắc bệnh hen suyễn hay vi&ecirc;m mũi dị ứng: 1 vi&ecirc;n 10mg/ng&agrave;y</div>\r\n\r\n<div>Trẻ em từ 6-14 tuổi: 1 vi&ecirc;n nhai 5mg/ng&agrave;y</div>\r\n\r\n<div>Trẻ em từ 2-5 tuổi: 1 vi&ecirc;n nhai 4mg/ng&agrave;y</div>\r\n'),
(7, 'Theralene 5mg', 1, 5, 'Hộp 2 vỉ x 25 viên', 25000, 94, 0, 'http://www.muathuoc.vn/data/products/medium_nij1330430410.png', '<div class="pro_detail_use" style="position:relative;">\r\n<ul>\r\n	<li>Điều trị c&aacute;c biểu hiện dị ứng như: vi&ecirc;m mũi, vi&ecirc;m kết mạc, ph&ugrave; Quincke, nổi mề đay.</li>\r\n	<li>Điều trị bổ trợ trong bệnh ngo&agrave;i da chữa ngứa như: ch&agrave;m, ngứa sẩn.</li>\r\n	<li>Điều trị c&aacute;c chứng ho khan kh&oacute; chịu, nhất l&agrave; do dị ứng v&agrave; do k&iacute;ch th&iacute;ch.</li>\r\n	<li>T&igrave;nh trạng mất ngủ v&agrave; k&iacute;ch động.\r\n	<div class="label_info">\r\n	<p><strong>Th&agrave;nh phần:</strong></p>\r\n\r\n	<p><strong>&nbsp;&nbsp;</strong> Alimemazine&nbsp;&nbsp;&nbsp;&nbsp; 5mg</p>\r\n\r\n	<p>&nbsp;</p>\r\n	</div>\r\n\r\n	<div class="label_info">\r\n	<p><strong>Chống chỉ định:</strong></p>\r\n\r\n	<p><strong>&nbsp;&nbsp; </strong>Kh&ocirc;ng được sử dụng trong trường hợp: glaucoma g&oacute;c đ&oacute;ng, kh&oacute; tiểu li&ecirc;n quan đến tuyến tiền liệt hay nguy&ecirc;n nh&acirc;n kh&aacute;c.</p>\r\n\r\n	<p>&nbsp;</p>\r\n	</div>\r\n\r\n	<div class="label_info">\r\n	<p><strong>Ch&uacute; &yacute;:</strong></p>\r\n\r\n	<p><strong>&nbsp;&nbsp; </strong>- Kh&ocirc;ng d&ugrave;ng c&aacute;ch uống thuốc c&oacute; rượu trong thời gian điều trị.</p>\r\n\r\n	<p>&nbsp;&nbsp; - Bị bệnh parkinson.</p>\r\n\r\n	<p>&nbsp;&nbsp; - Nguy cơ buồn ngủ.</p>\r\n\r\n	<p>&nbsp;&nbsp; L&uacute;c c&oacute; thai: B&aacute;o cho b&aacute;c sĩ biết trong trường hợp mang thai. Kh&ocirc;ng n&ecirc;n d&ugrave;ng thuốc trong ba th&aacute;ng đầu của thai kỳ. Kh&ocirc;ng n&ecirc;n d&ugrave;ng thuốc ở phụ nữ cho con b&uacute;.</p>\r\n\r\n	<p>&nbsp;</p>\r\n	</div>\r\n\r\n	<div class="label_info">\r\n	<p><strong>Liều d&ugrave;ng:</strong></p>\r\n\r\n	<p><strong>&nbsp;&nbsp; </strong>Trong mọi trường hợp, cần nghi&ecirc;m chỉnh tu&acirc;n theo chỉ dẫn của b&aacute;c sĩ Người lớn: - Trị ho v&agrave; dị ứng: 5-40mg/ng&agrave;y(1-8 vi&ecirc;n/ng&agrave;y). - G&acirc;y ngủ: 5-20mg khi đi ngủ (1-4 vi&ecirc;n). Trẻ em: - Th&ocirc;ng thường: 0,5-1 mg/kg/ng&agrave;y. - G&acirc;y ngủ: 0,25-0,5mg/kg khi đi ngủ.</p>\r\n	</div>\r\n	</li>\r\n</ul>\r\n</div>\r\n'),
(8, 'Bambec 10mg', 1, 5, 'Hộp 3 vỉ x 10 viên', 170000, 91, 0, 'http://www.muathuoc.vn/data/products/medium_gxa1330430148.png', '<div class="label_info">\r\n<div class="pro_detail_use" style="position:relative;">\r\n<ul>\r\n	<li><span style="background-color:rgb(255, 255, 255); color:rgb(0, 0, 0); font-family:tahoma; font-size:13px">Hen phế quản. </span></li>\r\n	<li><span style="background-color:rgb(255, 255, 255); color:rgb(0, 0, 0); font-family:tahoma; font-size:13px">Vi&ecirc;m phế quản mạn t&iacute;nh, kh&iacute; phế thũng &amp; c&aacute;c bệnh l&yacute; phổi kh&aacute;c c&oacute; k&egrave;m co thắt.</span></li>\r\n</ul>\r\n</div>\r\n\r\n<p><strong>Th&agrave;nh phần:</strong></p>\r\n\r\n<p><strong>&nbsp;&nbsp; </strong><span style="background-color:rgb(255, 255, 255); color:rgb(0, 0, 0); font-family:tahoma; font-size:13px">Bambuterol HCl&nbsp;&nbsp;&nbsp; 10mg</span></p>\r\n\r\n<p>&nbsp;</p>\r\n</div>\r\n\r\n<div class="label_info">\r\n<p><strong>T&aacute;c dụng phụ:</strong></p>\r\n\r\n<p><strong>&nbsp;&nbsp; </strong><span style="background-color:rgb(255, 255, 255); color:rgb(0, 0, 0); font-family:tahoma; font-size:13px">Run cơ, nhức đầu, vọp bẹ, nhịp tim nhanh, đ&aacute;ng trống ngực.</span><em>&nbsp;Hiếm</em><span style="background-color:rgb(255, 255, 255); color:rgb(0, 0, 0); font-family:tahoma; font-size:13px">&nbsp;: rung nhĩ, nhịp tim nhanh tr&ecirc;n thất, ngoại t&acirc;m thu. Mề đay, ph&aacute;t ban ngo&agrave;i da. Rối loạn giấc ngủ &amp; rối loạn h&agrave;nh vi như k&iacute;ch động, bồn chồn.</span></p>\r\n\r\n<p>&nbsp;</p>\r\n</div>\r\n\r\n<div class="label_info">\r\n<p><strong>Thận</strong> <strong>trọng:</strong></p>\r\n\r\n<p><strong>&nbsp;&nbsp; </strong><span style="background-color:rgb(255, 255, 255); color:rgb(0, 0, 0); font-family:tahoma; font-size:13px">Suy thận, xơ gan, suy gan nặng. Nhiễm độc gi&aacute;p, bệnh tim, thiếu m&aacute;u cục bộ, nhịp tim nhanh, suy tim nặng. Tiểu đường. Cơn hen nặng cấp t&iacute;nh. Thai 3 th&aacute;ng đầu.</span></p>\r\n\r\n<p>&nbsp;</p>\r\n\r\n<p>&nbsp;</p>\r\n</div>\r\n\r\n<div class="label_info">\r\n<p><strong>Liều d&ugrave;ng:</strong></p>\r\n\r\n<p><strong>&nbsp;&nbsp; </strong><span style="background-color:rgb(255, 255, 255); color:rgb(0, 0, 0); font-family:tahoma; font-size:10pt">Ng&agrave;y 1 lần.&nbsp;<em>Người lớn &amp; trẻ&nbsp;</em></span><em>&ge; 6t</em><em>&nbsp;:</em><span style="background-color:rgb(255, 255, 255); color:rgb(0, 0, 0); font-family:tahoma; font-size:13px">&nbsp;khởi đầu 10 mg, c&oacute; thể 20 mg sau 1-2 tuần, liều &gt; 10 mg kh&ocirc;ng được khuyến c&aacute;o cho trẻ em ở c&aacute;c nước phương đ&ocirc;ng.</span><em>&nbsp;Suy thận (GFR&nbsp;</em><em>&le; 50 mL/</em><em>ph&uacute;t)&nbsp;</em><span style="background-color:rgb(255, 255, 255); color:rgb(0, 0, 0); font-family:tahoma; font-size:13px">: khởi đầu 5 mg, c&oacute; thể tăng đến 10 mg sau 1-2 tuần.&nbsp;</span><em>Trẻ 2-5t</em><span style="background-color:rgb(255, 255, 255); color:rgb(0, 0, 0); font-family:tahoma; font-size:13px">&nbsp;: 5-10 mg, n&ecirc;n d&ugrave;ng liều 5 mg cho trẻ em ở c&aacute;c nước Phương Đ&ocirc;ng.</span></p>\r\n</div>\r\n'),
(9, 'Cetirizin 10mg', 1, 5, ' Hộp 10 vỉ x 10 viên', 100000, 93, 0, 'http://www.muathuoc.vn/data/products/medium_eke1330430121.png', '<p>Điều trị Vi&ecirc;m mũi dị ứng theo m&ugrave;a, vi&ecirc;m mũi dị ứng quanh năm &amp; mề đay tự ph&aacute;t mạn t&iacute;nh như hắt hơi, sổ mũi, xuất tiết v&ugrave;ng mũi sau, đỏ mắt &amp; chảy nước mắt, ngứa &amp; ph&aacute;t ban.</p>\r\n\r\n<p><strong>Th&agrave;nh phần:</strong></p>\r\n\r\n<p>Cetirizin 10mg</p>\r\n\r\n<p>&nbsp;</p>\r\n\r\n<table class="tbldrg_dt2" id="tbldt1" style="width:100%">\r\n	<tbody>\r\n		<tr>\r\n			<td>\r\n			<table border="0" cellpadding="0" cellspacing="0" style="width:100%">\r\n				<tbody>\r\n					<tr>\r\n						<td>\r\n						<div class="textdetailhead"><strong>Chống chỉ định:</strong></div>\r\n						</td>\r\n						<td>&nbsp;</td>\r\n					</tr>\r\n					<tr>\r\n						<td colspan="2">\r\n						<div id="AntiComccPlus" style="display: block">Qu&aacute; mẫn với th&agrave;nh phần thuốc.</div>\r\n						</td>\r\n					</tr>\r\n				</tbody>\r\n			</table>\r\n			</td>\r\n		</tr>\r\n		<tr>\r\n			<td>\r\n			<table border="0" cellpadding="0" cellspacing="0" style="width:100%">\r\n				<tbody>\r\n					<tr>\r\n						<td>\r\n						<div class="textdetailhead">&nbsp;</div>\r\n\r\n						<div class="textdetailhead"><strong>T&aacute;c dụng phụ:</strong></div>\r\n						</td>\r\n						<td>&nbsp;</td>\r\n					</tr>\r\n					<tr>\r\n						<td colspan="2">\r\n						<div id="tdnnnnPlus" style="display: block">- Nhức đầu, buồn ngủ, kh&ocirc; miệng, mệt mỏi.<br />\r\n						- C&aacute; biệt: tăng men gan tho&aacute;ng qua.</div>\r\n						</td>\r\n					</tr>\r\n				</tbody>\r\n			</table>\r\n			</td>\r\n		</tr>\r\n		<tr>\r\n			<td>\r\n			<table border="0" cellpadding="0" cellspacing="0" style="width:100%">\r\n				<tbody>\r\n					<tr>\r\n						<td>\r\n						<div class="textdetailhead">&nbsp;</div>\r\n\r\n						<div class="textdetailhead"><strong>Ch&uacute; &yacute; đề ph&ograve;ng:</strong></div>\r\n						</td>\r\n						<td>&nbsp;</td>\r\n					</tr>\r\n					<tr>\r\n						<td colspan="2">\r\n						<div id="dpnnnnPlus" style="display: block">- Phụ nữ c&oacute; thai &amp; cho con b&uacute;, trẻ &lt; 12 tuổi, người đang l&aacute;i xe &amp; vận h&agrave;nh m&aacute;y m&oacute;c kh&ocirc;ng d&ugrave;ng.<br />\r\n						- Bệnh nh&acirc;n Suy thận hay suy gan trung b&igrave;nh: khởi đầu liều 5 mg.</div>\r\n						</td>\r\n					</tr>\r\n				</tbody>\r\n			</table>\r\n			</td>\r\n		</tr>\r\n		<tr>\r\n			<td>\r\n			<table border="0" cellpadding="0" cellspacing="0" style="width:100%">\r\n				<tbody>\r\n					<tr>\r\n						<td>\r\n						<div class="textdetailhead">&nbsp;</div>\r\n\r\n						<div class="textdetailhead"><strong>Liều lượng:</strong></div>\r\n						</td>\r\n						<td>&nbsp;</td>\r\n					</tr>\r\n					<tr>\r\n						<td colspan="2">\r\n						<div id="DossuuuPlus" style="display: block">- Người lớn &amp; trẻ &gt;= 12 tuổi: liều khởi đầu 5 - 10 mg/ng&agrave;y, t&ugrave;y mức độ. C&oacute; thể d&ugrave;ng l&acirc;u d&agrave;i.<br />\r\n						- Người lớn &gt;= 65 tuổi: 5 mg/ng&agrave;y</div>\r\n						</td>\r\n					</tr>\r\n				</tbody>\r\n			</table>\r\n			</td>\r\n		</tr>\r\n	</tbody>\r\n</table>\r\n'),
(10, 'Zaditen 1mg', 1, 5, 'Hộp 30 viên', 177000, 100, 0, 'http://www.muathuoc.vn/data/products/medium_qmo1330429924.png', '<p>Ph&ograve;ng ngừa hen phế quản, dị ứng phế quản, dị ứng bụi, phấn hoa.<br />\r\n- &ETH;iều trị triệu chứng vi&ecirc;m mũi dị ứng, t&igrave;nh trạng dị ứng tr&ecirc;n da, dị ứng to&agrave;n th&acirc;n.</p>\r\n\r\n<div class="label_info">\r\n<p><strong>Th&agrave;nh phần:</strong></p>\r\n\r\n<p>Ketotifen 1mg</p>\r\n\r\n<p>&nbsp;</p>\r\n\r\n<p><strong>Chống chỉ định:</strong><br />\r\n<br />\r\nQu&aacute; mẫn với th&agrave;nh phần thuốc.</p>\r\n\r\n<p><br />\r\n<br />\r\n<strong>Ch&uacute; &yacute; đề ph&ograve;ng:</strong><br />\r\n<br />\r\nTh&acirc;n trọng khi d&ugrave;ng thuốc cho c&aacute;c bệnh nh&acirc;n: Khi l&aacute;i xe hay vận h&agrave;nh m&aacute;y m&oacute;c, phụ nữ mang thai hay cho con b&uacute;.</p>\r\n\r\n<p><br />\r\n<br />\r\n<strong>T&aacute;c dụng ngo&agrave;i &yacute;:</strong><br />\r\n<br />\r\nCảm gi&aacute;c n&oacute;ng r&aacute;t, nh&igrave;n mờ sau khi nhỏ thuốc, kh&ocirc; mắt.</p>\r\n\r\n<p><br />\r\n<br />\r\n<strong>Liều lượng:</strong><br />\r\n<br />\r\n- Người lớn &amp; trẻ &gt; 3 tuổi: nhỏ 1 giọt v&agrave;o mắt bệnh trong 6 - 12 giờ.<br />\r\n- Trẻ sơ sinh: tham khảo &yacute; kiến b&aacute;c sĩ.</p>\r\n</div>\r\n'),
(11, 'Clorpheniramin 4', 1, 5, 'Hộp 10 vỉ x 20 viên', 20000, 91, 0, 'http://www.muathuoc.vn/data/products/medium_dfs1330429812.png', '<ul>\r\n	<li>Vi&ecirc;m mũi dị ứng vừa v&agrave; quanh năm.</li>\r\n	<li>C&aacute;c triệu chứng dị ứng kh&aacute;c như : m&agrave;y đay, vi&ecirc;m mũi vận mạch do histamin, vi&ecirc;m kết mạc dị ứng, vi&ecirc;m da tiếp x&uacute;c, ph&ugrave; mạch, ph&ugrave; Quincke, dị ứng thức ăn, phản ứng huyết thanh, c&ocirc;n tr&ugrave;ng đốt, ngứa ở người bệnh bị sởi hoặc thủy đậu.</li>\r\n	<li>Phối hợp với một số chế phẩm để điều trị triệu chứng ho v&agrave; cảm lạnh.</li>\r\n	<li>\r\n	<div class="label_info">\r\n	<p><strong>Th&agrave;nh phần:</strong></p>\r\n\r\n	<p><strong>&nbsp;&nbsp; </strong>Chlorpheniramin maleat &nbsp; &nbsp; &nbsp;&nbsp; 4 mg</p>\r\n\r\n	<p>&nbsp;</p>\r\n	</div>\r\n\r\n	<div class="label_info">\r\n	<p><strong>Chống chỉ định:</strong></p>\r\n\r\n	<p><strong>&nbsp;&nbsp; </strong> - Qu&aacute; mẫn với Chlorpheniramin hoặc bất kỳ th&agrave;nh phần n&agrave;o của thuốc.<br />\r\n	&nbsp;&nbsp; - Người bệnh đang cơn hen cấp.<br />\r\n	&nbsp;&nbsp; - Người bệnh c&oacute; triệu chứng ph&igrave; đại tuyến tiền liệt.<br />\r\n	&nbsp;&nbsp; - Glocom g&oacute;c hẹp, tắc cổ b&agrave;ng quang.<br />\r\n	&nbsp;&nbsp; - Lo&eacute;t dạ d&agrave;y ch&iacute;t, tắc m&ocirc;n vị - t&aacute; tr&agrave;ng.<br />\r\n	&nbsp;&nbsp; - Người cho con b&uacute;, trẻ sơ sinh v&agrave; trẻ đẻ thiếu th&aacute;ng.<br />\r\n	&nbsp;&nbsp; - Người bệnh d&ugrave;ng thuốc ức chế monoamin oxidase (MAO) trong v&ograve;ng 14 ng&agrave;y, t&iacute;nh đến thời điểm điều trị bằng Chlorpheniramin v&igrave; t&iacute;nh chất chống tiết acetylcholin của Chlorpheniramin bị tăng l&ecirc;n bởi c&aacute;c chất ức chế MAO.</p>\r\n\r\n	<p>&nbsp;</p>\r\n	</div>\r\n\r\n	<div class="label_info">\r\n	<p><strong>Liều d&ugrave;ng:</strong></p>\r\n\r\n	<p><strong>&nbsp;&nbsp; </strong>* Vi&ecirc;m mũi dị ứng theo m&ugrave;a (t&aacute;c dụng đạt tối đa khi d&ugrave;ng thuốc li&ecirc;n tục v&agrave; bắt đầu đ&uacute;ng ngay trước m&ugrave;a c&oacute; phấn hoa).<br />\r\n	- Người lớn : bắt đầu uống 4mg l&uacute;c đi ngủ, sau tăng từ từ trong 10 ng&agrave;y đến 24mg/ng&agrave;y, nếu dung nạp được, chia l&agrave;m 2 lần, cho đến cuối m&ugrave;a.<br />\r\n	- Trẻ em từ 2 - 6 tuổi : uống 1mg, 4 - 6 giờ một lần, d&ugrave;ng đến 6mg/ng&agrave;y.<br />\r\n	&nbsp;&nbsp; Từ 6 - 12 tuổi : ban đầu uống 2mg l&uacute;c đi ngủ, sau tăng dần dần trong 10 ng&agrave;y, l&ecirc;n đến 12mg/ng&agrave;y, nếu dung nạp được, chia 1 - 2 lần, d&ugrave;ng cho đến hết m&ugrave;a.<br />\r\n	* Phản ứng dị ứng cấp : 12mg, chia 1 - 2 lần uống.<br />\r\n	* Người cao tuổi : d&ugrave;ng 4mg, chia 2 lần/ng&agrave;y, thời gian t&aacute;c dụng c&oacute; thể tới 36 giờ hoặc hơn, thậm ch&iacute; cả khi nồng độ thuốc trong huyết thanh thấp.</p>\r\n	</div>\r\n	</li>\r\n</ul>\r\n'),
(12, 'Tanasolene 5mg', 3, 5, ' Hộp 10 vỉ x 25 viên', 50000, 91, 0, 'http://www.muathuoc.vn/data/products/medium_gxk1330429671.png', '<p>Điều trị triệu chứng c&aacute;c biểu hiện dị ứng, vi&ecirc;m mũi theo m&ugrave;a hoặc kh&ocirc;ng theo m&ugrave;a, vi&ecirc;m kết mạc, ph&ugrave; Quincke, mề đay. Mất ngủ. Điều trị triệu chứng ho khan g&acirc;y kh&oacute; chịu, chủ yếu v&agrave;o ban đ&ecirc;m</p>\r\n\r\n<p><strong>Th&agrave;nh phần:</strong></p>\r\n\r\n<p>Alimemazine tartat 5mg</p>\r\n\r\n<p>&nbsp;</p>\r\n\r\n<p><strong>Chống chỉ định:</strong></p>\r\n\r\n<p>- Kh&ocirc;ng d&ugrave;ng cho trẻ dưới 6 tuổi</p>\r\n\r\n<p>- Qu&aacute; mẫn cảm với c&aacute;c th&agrave;nh phần của thuốc</p>\r\n\r\n<p>&nbsp;</p>\r\n\r\n<p><strong>C&aacute;ch d&ugrave;ng:</strong></p>\r\n\r\n<p>- Kh&aacute;ng histamin: Người lớn: 1-8 vi&ecirc;n/ng&agrave;y chia nhiều lần nhưng kh&ocirc;ng qu&aacute; 4 lần/ng&agrave;y. Trẻ em: 0,5-1mg/kg/ng&agrave;y chia nhiều lần.</p>\r\n\r\n<p>- Điều trị mề đay, mẩn ngứa: Người lớn 2 vi&ecirc;n/lần, 2-3 lần/ng&agrave;y. Trẻ em: 1/2 - 1 vi&ecirc;n / lần, 3-4 lần/ng&agrave;y.</p>\r\n\r\n<p>D&ugrave;ng để g&acirc;y ngủ: Người lớn: 1-4 vi&ecirc;n, uống trước khi đi ngủ. Trẻ em 0,25 - 0,5 mg/kg/ng&agrave;y, uống trước khi đi ngủ</p>\r\n'),
(13, 'Lorastad 10mg', 1, 5, 'Hộp 10 vỉ x 10 viên', 82000, 79, 0, 'http://www.muathuoc.vn/data/products/medium_ial1330429478.png', '<div class="pro_detail_use" style="position:relative;">\r\n<ul>\r\n	<li>Điều trị c&aacute;c triệu chứng li&ecirc;n quan đến vi&ecirc;m mũi dị ứng như: hắt hơi chảy nước mũi, ngứa mũi kể cả ngứa v&agrave; x&oacute;t mắt.</li>\r\n	<li>Điều trị triệu chứng c&aacute;c biểu hiện dị ứng như nổi mề đay m&atilde;n t&iacute;nh, rối loạn dị ứng ngo&agrave;i da kh&aacute;c.\r\n	<div id="pro_tabs">\r\n	<div class="panes">\r\n	<div class="pro_detail_label" id="pro_detail_label">\r\n	<div class="label_info">\r\n	<p><strong>Th&agrave;nh phần:</strong></p>\r\n\r\n	<p><strong>&nbsp;&nbsp; </strong>Loratadine&nbsp;&nbsp;&nbsp; 10mg</p>\r\n\r\n	<p>&nbsp;</p>\r\n	</div>\r\n\r\n	<div class="label_info">\r\n	<p><strong>Chống chỉ định:</strong></p>\r\n\r\n	<p><strong>&nbsp;&nbsp; </strong>C&aacute;c bệnh nh&acirc;n nhạt cảm hay đặc ứng với c&aacute;c th&agrave;nh phần của thuốc</p>\r\n\r\n	<p>&nbsp;</p>\r\n	</div>\r\n\r\n	<div class="label_info">\r\n	<p><strong>Lưu &yacute;:</strong></p>\r\n\r\n	<p><strong>&nbsp;&nbsp; </strong>Những bệnh nh&acirc;n suy gan nặng n&ecirc;n sử dụng liều ban đầu thấp hơn do giảm thanh thải loratadine. Liều khởi đầu ở c&aacute;c bệnh nh&acirc;n n&agrave;y l&agrave; 5ml hoặc 5mg/ng&agrave;y hoặc 10ml hoặc 10mg/ng&agrave;y kh&aacute;c. Hiệu quả của Clarityne* tr&ecirc;n trẻ dưới 2 tuổi vẫn chưa được x&aacute;c lập. Mặc d&ugrave; vậy dữ liệu dược động học của loratadine tr&ecirc;n trẻ em từ 1-2 tuổi sau khi d&ugrave;ng liều đơn 2.5mg Clarityne* si r&ocirc; l&agrave; tương đương như trẻ em lớn tuổi hơn v&agrave; tr&ecirc;n người lớn. L&uacute;c c&oacute; thai: Chưa x&aacute;c định được sự an to&agrave;n khi d&ugrave;ng c&aacute;c chế phẩm Clarityne* cho c&aacute;c phụ nữ c&oacute; thai, v&igrave; vậy chỉ d&ugrave;ng khi đ&atilde; c&acirc;n nhắc kỹ lợi hại với thai. V&igrave; loratadine được b&agrave;i tiết v&agrave;o sữa v&agrave; do những nguy cơ khi d&ugrave;ng c&aacute;c thuốc kh&aacute;ng histamine tăng l&ecirc;n ở trẻ con, đặc biệt trẻ sơ sinh v&agrave; sinh con, n&ecirc;n ngừng cho con b&uacute; hoặc ngưng thuốc.</p>\r\n\r\n	<p>&nbsp;</p>\r\n	</div>\r\n\r\n	<div class="label_info">\r\n	<p><strong>Liều d&ugrave;ng:</strong></p>\r\n\r\n	<p><strong>&nbsp;&nbsp; </strong>- Người lớn v&agrave; trẻ em tr&ecirc;n 12 tuổi: 1 vi&ecirc;n/ng&agrave;y.</p>\r\n\r\n	<p>&nbsp;&nbsp;&nbsp; - Trẻ 6-12 tuổi: &gt;= 30 kg: 1 vi&ecirc;n x 1 lần/ng&agrave;y; &lt; 30 kg: 1/2 vi&ecirc;n x 1 lần/ng&agrave;y.&nbsp;</p>\r\n\r\n	<p>&nbsp;&nbsp; - Người suy gan hoặc suy thận: 1/2 vi&ecirc;n/ng&agrave;y hoặc 1 vi&ecirc;n/lần, mỗi 2 ng&agrave;y.</p>\r\n	</div>\r\n\r\n	<div class="clear">&nbsp;</div>\r\n	</div>\r\n	</div>\r\n	</div>\r\n	</li>\r\n</ul>\r\n</div>\r\n'),
(14, 'Promethazin 15mg', 1, 5, 'Hộp 200 viên', 30000, 85, 0.1, 'upload/medium_tfz1330429061.png', '<p>Điều trị Vi&ecirc;m mũi, vi&ecirc;m kết mạc, nổi mề đay.</p>\r\n\r\n<div class="label_info">\r\n<div class="view-content-title"><strong>Th&agrave;nh phần, h&agrave;m lượng</strong></div>\r\n\r\n<div class="view-content-detail">Promethazin: 15mg</div>\r\n\r\n<div class="view-content-detail">&nbsp;</div>\r\n\r\n<div class="view-content-title"><strong>Chống chỉ định(Kh&ocirc;ng d&ugrave;ng cho những trường hợp sau)</strong></div>\r\n\r\n<div class="view-content-detail">- Dị ứng với thuốc kh&aacute;ng &ndash; histamin - Tiền sử mất bạch cầu hạt - Nguy cơ b&iacute; tiểu li&ecirc;n quan đến ph&igrave; đại tuyến tiền liệt - Nguy cơ gl&ocirc;c&ocirc;m g&oacute;c đ&oacute;ng. Th&ocirc;ng thường kh&ocirc;ng được d&ugrave;ng thuốc n&agrave;y trong c&aacute;c trường hợp sau đ&acirc;y: - D&ugrave;ng chung với rượu, sultopride. - Phụ nữ nu&ocirc;i con bằng sữa mẹ.</div>\r\n\r\n<div class="view-content-detail">&nbsp;</div>\r\n\r\n<div class="view-content-title"><strong>Lưu &yacute;(Thận trọng khi sử dụng)</strong></div>\r\n\r\n<div class="view-content-detail">Trong c&aacute;c trường hợp c&aacute;c triệu chứng tồn tại dai dẳng hoặc trở nặng(suy h&ocirc; hấp, ph&ugrave;, tổn thương ngo&agrave;i da&hellip;)hoặc c&oacute; dấu hiệu kết hợp với bệnh nhiễm si&ecirc;u vi, n&ecirc;n đ&aacute;nh gi&aacute; lại c&aacute;ch điều trị. THẬN TRỌNG KHI D&Ugrave;NG Promethazin cần sử dụng thận trọng: - tr&ecirc;n người cao tuổi c&oacute;: - độ nhạu cảm cao với t&igrave;nh trạng hạ huyết &aacute;p thế đứng, ch&oacute;ng mặt v&agrave; an thần; - t&aacute;o b&oacute;n mạn t&iacute;nh (nguy cơ liệt ruột); - ph&igrave; đại tuyến tiền liệt - tr&ecirc;n người c&oacute; một s&ocirc; bệnh tim mạch, v&igrave; phenothiazin c&oacute; t&aacute;c dụng l&agrave;m tim đập nhanh v&agrave; hạ huyết &aacute;p; - trong trường hợp suy gan v&agrave; / hoặc suy thận nặng (v&igrave; nguy cơ t&iacute;ch luỹ thuốc). Trong thời gian điều trị, kh&ocirc;ng n&ecirc;n uống thức uống c&oacute; cồn hoặc một thuốc kh&aacute;c c&oacute; chứa cồn. V&igrave; phenothiazin c&oacute; t&aacute;c dụng g&acirc;y nhạy cảm với &aacute;nh năng, kh&ocirc;ng n&ecirc;n phơi nắng trong thời gian điều trị. Trong trường hợp bệnh tiểu đường hoặc d&ugrave;ng chế độ ăn giảm flucid, n&ecirc;n ch&uacute; &yacute; đến h&agrave;m lượng saccharose trong xi- r&ocirc;. Ch&uacute; &yacute; đến khả năng buồn ngủ do d&ugrave;ng thuốc n&agrave;y, đặc biệt l&agrave; đối với l&aacute;i xe v&agrave; người vận h&agrave;nh m&aacute;y m&oacute;c. Hiện tượng n&agrave;y tăng l&ecirc;n khi d&ugrave;ng c&aacute;c thức uống c&oacute; cồn.</div>\r\n\r\n<div class="view-content-detail">&nbsp;</div>\r\n\r\n<div class="view-content-title"><strong>T&aacute;c dụng phụ</strong></div>\r\n\r\n<div class="view-content-detail">- An thần hoặc buồn ngủ, r&otilde; rệt khi mới bắt đầu điều trị; - Kh&ocirc; ni&ecirc;m mạc, t&aacute;o b&oacute;n, nở con ngươi, đ&aacute;nh trống ngực; - hạ huyết &aacute;p thế đứng; - rối loạn thăng bằng, ch&oacute;ng mặt, giảm tr&iacute; nhớ hoặc sự tập trung; - mất phối hợp vận động, run (thường gặp tr&ecirc;n người gi&agrave;); - đỏ da, ch&agrave;m ngứa, nổi mề đay c&oacute; thể c&oacute; d&aacute;t lớn; - nhạy cảm &aacute;nh nắng Đừng do dự hỏi &yacute; kiến B&aacute;c sĩ hoặc Dược sĩ v&agrave; th&ocirc;ng b&aacute;o tất cả những t&aacute;c dụng kh&ocirc;ng mong muốn chưa được n&ecirc;u trong tờ hướng dẫn n&agrave;y.</div>\r\n\r\n<div class="view-content-detail">&nbsp;</div>\r\n\r\n<div class="view-content-detail"><strong>C&aacute;ch d&ugrave;ng:</strong></div>\r\n\r\n<div class="view-content-detail">Người lớn: 3-10 vi&ecirc;n/ng&agrave;y chia 3-4 lần</div>\r\n\r\n<div class="view-content-detail">Trẻ em tr&ecirc;n 6 tu&ocirc;i: uống bằng một nửa liều người lớn hoặc theo hướng dẫn thầy thuốc</div>\r\n</div>\r\n'),
(15, 'Acritel 5mg', 1, 5, 'Hộp 3 vỉ x 10 viên', 135000, 96, 0.1, 'upload/medium_fbz1330428863.png', '<p>Điều trị c&aacute;c trường hợp dị ứng: vi&ecirc;m mũi dị ứng theo m&ugrave;a, vi&ecirc;m mũi dị ứng mạn t&iacute;nh, hắt hơi, chảy nước mũi, ngứa mũi, chảy nước mắt, mắt đỏ, m&agrave;y đay mạn t&iacute;nh.</p>\r\n\r\n<p><strong>Th&agrave;nh phần:</strong></p>\r\n\r\n<p>Levocetirizine dihydrochloride 5mg</p>\r\n\r\n<p>&nbsp;</p>\r\n\r\n<table class="tbldrg_dt2" id="tbldt1" style="width:100%">\r\n	<tbody>\r\n		<tr>\r\n			<td>\r\n			<table border="0" cellpadding="0" cellspacing="0" style="width:100%">\r\n				<tbody>\r\n					<tr>\r\n						<td>\r\n						<div class="textdetailhead"><strong>Chống chỉ định:</strong></div>\r\n						</td>\r\n						<td>&nbsp;</td>\r\n					</tr>\r\n					<tr>\r\n						<td colspan="2">\r\n						<div id="AntiComccPlus" style="display: block">Qu&aacute; mẫn với th&agrave;nh phần thuốc hoặc dẫn xuất piperazine, Suy thận nặng c&oacute; ClCr &lt; 10 mL/ph&uacute;t.</div>\r\n						</td>\r\n					</tr>\r\n				</tbody>\r\n			</table>\r\n			</td>\r\n		</tr>\r\n		<tr>\r\n			<td>\r\n			<table border="0" cellpadding="0" cellspacing="0" style="width:100%">\r\n				<tbody>\r\n					<tr>\r\n						<td>\r\n						<div class="textdetailhead">&nbsp;</div>\r\n\r\n						<div class="textdetailhead"><strong>T&aacute;c dụng phụ:</strong></div>\r\n						</td>\r\n						<td>&nbsp;</td>\r\n					</tr>\r\n					<tr>\r\n						<td colspan="2">\r\n						<div id="tdnnnnPlus" style="display: block">Kh&ocirc; miệng, đau đầu, mệt, ngủ g&agrave;, suy nhược, vi&ecirc;m họng, đau bụng, nhức nửa đầu.</div>\r\n						</td>\r\n					</tr>\r\n				</tbody>\r\n			</table>\r\n			</td>\r\n		</tr>\r\n		<tr>\r\n			<td>\r\n			<table border="0" cellpadding="0" cellspacing="0" style="width:100%">\r\n				<tbody>\r\n					<tr>\r\n						<td>\r\n						<div class="textdetailhead">&nbsp;</div>\r\n\r\n						<div class="textdetailhead"><strong>Ch&uacute; &yacute; đề ph&ograve;ng:</strong></div>\r\n						</td>\r\n						<td>&nbsp;</td>\r\n					</tr>\r\n					<tr>\r\n						<td colspan="2">\r\n						<div id="dpnnnnPlus" style="display: block">- Thận trọng khi d&ugrave;ng thuốc cho: Người nghiện rượu, bệnh nh&acirc;n c&oacute; rối loạn di truyền về dung nạp nạp galactose, thiếu hụt lactase hoặc k&eacute;m hấp thu glucose - galactose.<br />\r\n						- Kh&ocirc;ng d&ugrave;ng thuốc khi l&aacute;i xe &amp; vận h&agrave;nh m&aacute;y, phụ nữ c&oacute; thai &amp; cho con b&uacute;, trẻ &lt; 6 tuổi.</div>\r\n						</td>\r\n					</tr>\r\n				</tbody>\r\n			</table>\r\n			</td>\r\n		</tr>\r\n		<tr>\r\n			<td>\r\n			<table border="0" cellpadding="0" cellspacing="0" style="width:100%">\r\n				<tbody>\r\n					<tr>\r\n						<td>\r\n						<div class="textdetailhead">&nbsp;</div>\r\n\r\n						<div class="textdetailhead"><strong>Liều lượng:</strong></div>\r\n						</td>\r\n						<td>&nbsp;</td>\r\n					</tr>\r\n					<tr>\r\n						<td colspan="2">\r\n						<div id="DossuuuPlus" style="display: block">- Người lớn &amp; trẻ &gt; 6 tuổi: 5 mg/ng&agrave;y.<br />\r\n						- Bệnh nh&acirc;n suy thận c&oacute;:<br />\r\n						+ ClCr 30 - 49 mL/ph&uacute;t: 5 mg/ng&agrave;y, 2 ng&agrave;y d&ugrave;ng 1 lần.<br />\r\n						+ ClCr &lt; 30 mL/ph&uacute;t: 5 mg/ng&agrave;y, 3 ng&agrave;y d&ugrave;ng 1 lần. Kh&ocirc;ng cần chỉnh liều khi chỉ bị suy gan.</div>\r\n						</td>\r\n					</tr>\r\n				</tbody>\r\n			</table>\r\n			</td>\r\n		</tr>\r\n	</tbody>\r\n</table>\r\n'),
(16, 'Lorastad', 1, 5, ' Lọ 60ml', 10000, 95, 0.1, 'upload/medium_bnl1330428464.png', '<p>Điều trị c&aacute;c triệu chứng li&ecirc;n quan đến vi&ecirc;m mũi dị ứng như: hắt hơi chảy nước mũi, ngứa mũi kể cả ngứa v&agrave; x&oacute;t mắt. Điều trị triệu chứng c&aacute;c biểu hiện dị ứng như nổi mề đay m&atilde;n t&iacute;nh, rối loạn dị ứng ngo&agrave;i da kh&aacute;c.</p>\r\n\r\n<div class="label_info">\r\n<div class="view-content-title"><strong>Th&agrave;nh phần, h&agrave;m lượng</strong></div>\r\n\r\n<div class="view-content-detail">Loratadin: 10mg</div>\r\n\r\n<div class="view-content-detail">&nbsp;</div>\r\n\r\n<div class="view-content-title"><strong>Chống chỉ định(Kh&ocirc;ng d&ugrave;ng cho những trường hợp sau)</strong></div>\r\n\r\n<div class="view-content-detail">C&aacute;c bệnh nh&acirc;n nhạt cảm hay đặc ứng với c&aacute;c th&agrave;nh phần của thuốc</div>\r\n\r\n<div class="view-content-detail">&nbsp;</div>\r\n\r\n<div class="view-content-title"><strong>Lưu &yacute;(Thận trọng khi sử dụng)</strong></div>\r\n\r\n<div class="view-content-detail">Những bệnh nh&acirc;n suy gan nặng n&ecirc;n sử dụng liều ban đầu thấp hơn do giảm thanh thải loratadine. Liều khởi đầu ở c&aacute;c bệnh nh&acirc;n n&agrave;y l&agrave; 5ml hoặc 5mg/ng&agrave;y hoặc 10ml hoặc 10mg/ng&agrave;y kh&aacute;c. Hiệu quả của Clarityne* tr&ecirc;n trẻ dưới 2 tuổi vẫn chưa được x&aacute;c lập. Mặc d&ugrave; vậy dữ liệu dược động học của loratadine tr&ecirc;n trẻ em từ 1-2 tuổi sau khi d&ugrave;ng liều đơn 2.5mg Clarityne* si r&ocirc; l&agrave; tương đương như trẻ em lớn tuổi hơn v&agrave; tr&ecirc;n người lớn. L&uacute;c c&oacute; thai: Chưa x&aacute;c định được sự an to&agrave;n khi d&ugrave;ng c&aacute;c chế phẩm Clarityne* cho c&aacute;c phụ nữ c&oacute; thai, v&igrave; vậy chỉ d&ugrave;ng khi đ&atilde; c&acirc;n nhắc kỹ lợi hại với thai. V&igrave; loratadine được b&agrave;i tiết v&agrave;o sữa v&agrave; do những nguy cơ khi d&ugrave;ng c&aacute;c thuốc kh&aacute;ng histamine tăng l&ecirc;n ở trẻ con, đặc biệt trẻ sơ sinh v&agrave; sinh con, n&ecirc;n ngừng cho con b&uacute; hoặc ngưng thuốc.</div>\r\n\r\n<div class="view-content-detail">&nbsp;</div>\r\n\r\n<div class="view-content-title"><strong>T&aacute;c dụng phụ</strong></div>\r\n\r\n<div class="view-content-detail">Kh&ocirc;ng g&acirc;y buồn ngủ một c&aacute;ch đ&aacute;ng kể với liều 10mg mỗi ng&agrave;y. C&aacute;c t&aacute;c dụng phụ được b&aacute;o c&aacute;o phổ biến nhất bao gồm: mệt mỏi, đau đầu, lơ mơ, kh&ocirc; miệng, rối loạn đường dạ dầy, ruột như buồn n&ocirc;n, vi&ecirc;m dạ d&agrave;y, v&agrave; cũng gặp c&aacute;c triệu chứng dị ứng như nổi ban. Trong qu&aacute; tr&igrave;nh lưu h&agrave;nh thuốc Clarityne* , đ&ocirc;i khi c&oacute; b&aacute;o c&aacute;o về chứng rụng t&oacute;c, qu&aacute; mẫn cảm, chức năng gan bất thường, tim đập nhanh v&agrave; hiện tượng đ&aacute;nh trống ngực. Tương tự như vậy, tỉ lệ t&aacute;c dụng phụ li&ecirc;n quan đến việc d&ugrave;ng Clarityne si r&ocirc; cũng được so s&aacute;nh với placebo. Trong nghi&ecirc;n cứu l&acirc;m s&agrave;ng tr&ecirc;n nhi khoa c&oacute; kiểm so&aacute;t, tỉ lệ đau đầu, nhạy cảm , hốt hoảng li&ecirc;n quan đến việc d&ugrave;ng thuốc hiếm khi được b&aacute;o c&aacute;o , tương tự với tr&ecirc;n placebo. H&atilde;y th&ocirc;ng b&aacute;o cho b&aacute;c sĩ biết c&aacute;c t&aacute;c dụng kh&ocirc;ng mong muốn gặp phải khi sử dụng thuốc.</div>\r\n\r\n<div class="view-content-detail">&nbsp;</div>\r\n\r\n<div class="view-content-title"><strong>Liều d&ugrave;ng</strong></div>\r\n\r\n<div class="view-content-detail">D&ugrave;ng uống: - Người lớn v&agrave; trẻ em tr&ecirc;n 12 tuổi: 1 vi&ecirc;n/ng&agrave;y. - Trẻ 6-12 tuổi: &gt;= 30 kg: 1 vi&ecirc;n x 1 lần/ng&agrave;y; &lt; 30 kg: 1/2 vi&ecirc;n x 1 lần/ng&agrave;y. - Người suy gan hoặc suy thận: 1/2 vi&ecirc;n/ng&agrave;y hoặc 1 vi&ecirc;n/lần, mỗi 2 ng&agrave;y.</div>\r\n</div>\r\n'),
(17, 'Mebendazol', 5, 6, 'Hộp 1 viên', 4500, 98, 0, 'upload/medium_rhd1331997395.png', '<p>Trị c&aacute;c bệnh giun kim, giun t&oacute;c, giun m&oacute;c, giun đũa</p>\r\n\r\n<p><strong>Th&agrave;nh phần: </strong></p>\r\n\r\n<p>Mebendazol 500mg;</p>\r\n\r\n<p>T&aacute; dược vừa đủ 1 vi&ecirc;n</p>\r\n\r\n<div>&nbsp;</div>\r\n\r\n<div>&nbsp;</div>\r\n\r\n<div><strong>Chống chỉ định:</strong></div>\r\n\r\n<ul>\r\n	<li>Kh&ocirc;ng d&ugrave;ng cho trẻ em dưới 2 tuổi.</li>\r\n	<li>Kh&ocirc;ng d&ugrave;ng cho phụ nữ c&oacute; thai.</li>\r\n	<li>Kh&ocirc;ng d&ugrave;ng cho bệnh nh&acirc;n c&oacute; bệnh gan nặng.</li>\r\n</ul>\r\n\r\n<div>&nbsp;</div>\r\n\r\n<div>&nbsp;</div>\r\n\r\n<div><strong>Liều lượng:</strong></div>\r\n\r\n<div>Nhai 1 vi&ecirc;n duy nhất,kh&ocirc;ng d&ugrave;ng cho trẻ em dưới 2</div>\r\n'),
(18, 'Alzental', 5, 6, ' Hộp 1 vỉ x 1 viên bao phim', 5000, 96, 0, 'upload/medium_vsh1331997394.png', '<p>-Nhiễm giun kim, giun đũa, giun m&oacute;c, giun t&oacute;c.&nbsp;</p>\r\n\r\n<div>- Nhiễm giun lươn v&agrave; s&aacute;n d&acirc;y</div>\r\n\r\n<div>\r\n<p><strong>Th&agrave;nh phần:</strong></p>\r\n\r\n<p>Albendazole 400 mg</p>\r\n\r\n<div>&nbsp;</div>\r\n\r\n<div><strong>Chống chỉ định:</strong></div>\r\n\r\n<div>Phụ nữ mang thai v&agrave; trẻ em dưới 2 tuổi.</div>\r\n\r\n<div>&nbsp;</div>\r\n\r\n<div>&nbsp;</div>\r\n\r\n<div><strong>Tương t&aacute;c thuốc:</strong></div>\r\n\r\n<div>Praziquantel l&agrave;m tăng nồng độ trong huyết tương của chất chuyển ho&aacute; c&oacute; hoạt t&iacute;nh của albendazole.</div>\r\n\r\n<div>&nbsp;</div>\r\n\r\n<div>&nbsp;</div>\r\n\r\n<div><strong>T&aacute;c dụng phụ:</strong></div>\r\n\r\n<div>Hiếm gặp rối loạn ti&ecirc;u ho&aacute;, nhức đầu.</div>\r\n\r\n<div>&nbsp;</div>\r\n\r\n<div>&nbsp;</div>\r\n\r\n<div><strong>Liều lượng:</strong></div>\r\n\r\n<div>- Nhiễm giun đũa, giun m&oacute;c, giun t&oacute;c:&nbsp;</div>\r\n\r\n<div>+ Người lớn v&agrave; trẻ em tr&ecirc;n 2 tuổi: uống 400 mg (liều duy nhất).&nbsp;</div>\r\n\r\n<div>- Nhiễm giun kim:&nbsp;</div>\r\n\r\n<div>+ Người lớn: uống 400 mg/ng&agrave;y, lặp lại liều thứ hai sau 7 ng&agrave;y.&nbsp;</div>\r\n\r\n<div>+ Trẻ em tr&ecirc;n 2 tuổi: uống liều 400 mg, lặp lại liều thứ hai sau 7 ng&agrave;y.&nbsp;</div>\r\n\r\n<div>- Nhiễm giun lươn, s&aacute;n d&acirc;y:&nbsp;</div>\r\n\r\n<div>+ Người lớn v&agrave; trẻ em tr&ecirc;n 2 tuổi: uống liều 400 mg một ng&agrave;y. Uống 3 ng&agrave;y li&ecirc;n tiếp.</div>\r\n</div>\r\n'),
(19, 'Transamin Tab.500mg', 6, 9, 'Hộp 10 vỉ x 10 viên', 370000, 100, 0.1, 'upload/medium_tjh1363167202.png', '<div class="pro_detail_use" style="position:relative;">\r\n<ul>\r\n	<li><em>Chảy m&aacute;u bất thường trong &amp; sau phẫu thuật, trong sản phụ khoa, tiết niệu; bệnh xuất huyết. </em></li>\r\n	<li><em>&ETH;a kinh, chảy m&aacute;u trong bệnh l&yacute; tiền liệt tuyến, tan huyết do lao phổi, chảy m&aacute;u thận, chảy m&aacute;u mũi.</em>\r\n	<div class="pro_detail_description">\r\n	<p><strong>&nbsp;Chống chỉ định:</strong></p>\r\n\r\n	<div>&nbsp; &nbsp;Qu&aacute; mẫn với th&agrave;nh phần của thuốc.</div>\r\n\r\n	<div>&nbsp;</div>\r\n\r\n	<div><strong>Tương t&aacute;c thuốc:</strong></div>\r\n\r\n	<div>&nbsp; &nbsp;Thuốc uống ngừa thai chứa estrogen.</div>\r\n\r\n	<div>&nbsp;</div>\r\n\r\n	<div><strong>T&aacute;c dụng phụ:</strong></div>\r\n\r\n	<div>&nbsp; &nbsp;Rối loạn ti&ecirc;u h&oacute;a.</div>\r\n\r\n	<div>&nbsp;</div>\r\n\r\n	<div><strong>Ch&uacute; &yacute; đề ph&ograve;ng:</strong></div>\r\n\r\n	<div>&nbsp; &nbsp;Bệnh nh&acirc;n mắc bệnh huyết khối hoặc bệnh l&yacute; ti&ecirc;u hủy đ&ocirc;ng m&aacute;u. Người gi&agrave;.</div>\r\n\r\n	<div>&nbsp;</div>\r\n\r\n	<div><strong>Liều lượng:</strong></div>\r\n\r\n	<div>&nbsp; &nbsp;Người lớn: liều h&agrave;ng ng&agrave;y 250 - 4000 mg, chia l&agrave;m 3 - 4 lần.</div>\r\n	</div>\r\n	</li>\r\n</ul>\r\n</div>\r\n'),
(20, 'Transamin 250mg', 6, 9, 'Hộp 10 vỉ x 10 viên', 250000, 100, 0.1, 'upload/medium_pzw1331996975.png', '<div class="pro_detail_use" style="position:relative;">\r\n<ul>\r\n	<li>Chảy m&aacute;u bất thường trong v&agrave; sau phẫu thuật, trong sản phụ khoa, tiết niệu; bệnh xuất huyết.</li>\r\n	<li>&ETH;a kinh, chảy m&aacute;u trong bệnh l&yacute; tiền liệt tuyến, tan huyết do lao phổi, chảy m&aacute;u thận, chảy m&aacute;u mũi.\r\n	<div class="label_info">\r\n	<p><strong>Th&agrave;nh phần:</strong></p>\r\n\r\n	<p><strong>&nbsp;&nbsp; </strong>Tranexamic acid&nbsp;&nbsp;&nbsp;&nbsp;&nbsp;&nbsp; 250mg</p>\r\n\r\n	<p>&nbsp;</p>\r\n\r\n	<p><strong>Chống chỉ định:</strong></p>\r\n\r\n	<p><strong>&nbsp;&nbsp; </strong>Qu&aacute; mẫn với th&agrave;nh phần của thuốc.</p>\r\n\r\n	<p>&nbsp;</p>\r\n\r\n	<p><strong>T&aacute;c dụng phụ:</strong></p>\r\n\r\n	<p><strong>&nbsp;&nbsp; </strong>Rối loạn ti&ecirc;u h&oacute;a.</p>\r\n\r\n	<p>&nbsp;</p>\r\n\r\n	<p><strong>Ch&uacute; &yacute; đ</strong><strong>ề</strong> <strong>ph&ograve;ng:</strong></p>\r\n\r\n	<p><strong>&nbsp;&nbsp; </strong>Bệnh nh&acirc;n mắc bệnh huyết khối hoặc bệnh l&yacute; ti&ecirc;u hủy đ&ocirc;ng m&aacute;u. Người gi&agrave;.</p>\r\n\r\n	<p>&nbsp;</p>\r\n\r\n	<p><strong>Liều d&ugrave;ng:</strong></p>\r\n\r\n	<p><strong>&nbsp;&nbsp; </strong>Người lớn: liều h&agrave;ng ng&agrave;y 250 - 4000 mg, chia l&agrave;m 3 - 4 lần.</p>\r\n	</div>\r\n	</li>\r\n</ul>\r\n</div>\r\n'),
(21, 'Adrenoxyl 10mg', 6, 9, 'Hôp 1 vỉ x 16 viên', 24000, 100, 0.1, 'upload/medium_rwb1329544604.png', '<p>&nbsp;&ETH;ược d&ugrave;ng như thuốc cầm m&aacute;u để chuẩn bị phẫu thuật ngoại khoa v&agrave; điều trị xuất huyết do mao mạch.</p>\r\n\r\n<div class="label_info">\r\n<p><strong>&nbsp;Th&agrave;nh phần:</strong></p>\r\n\r\n<div>- Carbaazochrom dihydrat: 10mg</div>\r\n\r\n<div>&nbsp;</div>\r\n</div>\r\n\r\n<div class="label_info">\r\n<p><strong>&nbsp;Chống chỉ định:</strong></p>\r\n\r\n<div>- Qu&aacute; mẫn với th&agrave;nh phần của thuốc.</div>\r\n\r\n<div>&nbsp;</div>\r\n</div>\r\n\r\n<div class="label_info">\r\n<p><strong>&nbsp;Liều lượng:</strong></p>\r\n\r\n<div>- Vi&ecirc;n n&eacute;n Người lớn: 1-3 vi&ecirc;n/ng&agrave;y, tốt nhất l&agrave; uống trước bữa ăn 1 giờ.&nbsp;</div>\r\n\r\n<div>- Trẻ 30 th&aacute;ng-15 tuổi: 1-2 vi&ecirc;n/ng&agrave;y, tốt nhất l&agrave; uống trước bữa ăn.</div>\r\n\r\n<div>- Trẻ sơ sinh đến 30 th&aacute;ng: nửa vi&ecirc;n-1 vi&ecirc;n/ng&agrave;y.</div>\r\n</div>\r\n'),
(22, 'Hiruscar 5 g', 6, 7, 'Hộp 1 tuýp 5 g', 115000, 100, 0.1, 'upload/medium_cph1331997424.png', '<p>Thuốc trị sẹo lồi, sẹo do phẫu thuật</p>\r\n\r\n<p><strong>Th&agrave;nh phần:</strong></p>\r\n\r\n<p>Nước, Allium Cepa, Niacinaide,...</p>\r\n\r\n<p>&nbsp;</p>\r\n\r\n<p><strong>Lưu &yacute;:</strong></p>\r\n\r\n<ul>\r\n	<li>Chỉ d&ugrave;ng ngo&agrave;i da.</li>\r\n	<li>Kh&ocirc;ng d&ugrave;ng cho vết thương hở.</li>\r\n	<li>Tr&aacute;nh tiếp x&uacute;c với mắt.</li>\r\n	<li>Để xa tầm tay trẻ em.</li>\r\n</ul>\r\n\r\n<p>&nbsp;</p>\r\n\r\n<p><strong>C&aacute;ch d&ugrave;ng:</strong></p>\r\n\r\n<ul>\r\n	<li>Xoa nhẹ nh&agrave;ng Hiruscar l&ecirc;n vết thương đ&atilde; liền da.</li>\r\n	<li>Đối với sẹo đ&atilde; h&igrave;nh th&agrave;nh: 3-4 lần/ng&agrave;y.</li>\r\n	<li>Để tr&aacute;nh h&igrave;nh th&agrave;nh sẹo:2-3 lần/ng&agrave;y.</li>\r\n	<li>Sử dụng li&ecirc;n tục sẽ gi&uacute;p sẹo mờ dần, phẳng v&agrave; mềm hơn.</li>\r\n</ul>\r\n'),
(23, 'Contractubex 10 g', 3, 7, 'Hộp 1 tuýp 10 g', 144000, 100, 0.1, 'upload/medium_toi1331997406.png', '<div class="pro_detail_use" style="position:relative;">\r\n<ul>\r\n	<li>C&aacute;c vết sẹo ph&igrave; đại, sẹo lồi, sẹo g&acirc;y hạn chế cử động, sẹo biến dạng, sẹo do phẫu thuật, cắt cụt, sẹo do bỏng &amp; sẹo do tai nạn.</li>\r\n	<li>Chứng co cứng Dupuytren, co cứng do chấn thương g&acirc;n, co cứng do ảnh hưởng c&aacute;c vết sẹo.</li>\r\n	<li>Phỏng.\r\n	<p>&nbsp;<strong>Th&agrave;nh phần:</strong></p>\r\n\r\n	<p>Cepae: 10g</p>\r\n\r\n	<p>Heparin sodium 5000 IU</p>\r\n\r\n	<div>&nbsp;</div>\r\n\r\n	<div>&nbsp;</div>\r\n\r\n	<div><strong>Chống chỉ định:</strong></div>\r\n\r\n	<div>Qu&aacute; mẫn với th&agrave;nh phần của thuốc.</div>\r\n\r\n	<div>&nbsp;</div>\r\n\r\n	<div>&nbsp;</div>\r\n\r\n	<div><strong>T&aacute;c dụng phụ:</strong></div>\r\n\r\n	<div>Hiếm gặp: phản ứng tại chỗ tr&ecirc;n da.</div>\r\n\r\n	<div>&nbsp;</div>\r\n\r\n	<div>&nbsp;</div>\r\n\r\n	<div><strong>Liều lượng:</strong></div>\r\n\r\n	<div>Xoa kỹ thuốc tr&ecirc;n c&aacute;c m&ocirc; sẹo nhiều lần trong ng&agrave;y. Tiếp tục xoa cho đến khi gel được hấp thu v&agrave;o da.&nbsp;</div>\r\n	</li>\r\n</ul>\r\n</div>\r\n'),
(24, 'Panthenol SPRAY', 3, 7, ' Lọ 130 g', 92000, 100, 0.1, 'upload/medium_qjt1331997397.png', '<p>&nbsp;Điều trị hỗ trợ c&aacute;c bệnh ở da v&agrave; ni&ecirc;m mạc, c&aacute;c tổn thương ở da như: da bị trợt,vết bỏng, bỏng do nước n&oacute;ng, hơi n&oacute;ng, vết thương phẫu thuật v&ocirc; khuẩn, mảnh gh&eacute;p da chậm l&agrave;nh, vết r&aacute;m nắng, da mất đ&agrave;n hồi, vết nứt v&agrave; kẽ nẻ, r&aacute;ch da cũng như c&aacute;c bệnh ngo&agrave;i da c&oacute; mụn nước to v&agrave; nhỏ, chứng herpes m&ocirc;i.</p>\r\n\r\n<div class="label_info">\r\n<p><strong>&nbsp;Th&agrave;nh phần:</strong></p>\r\n\r\n<p>Nhũ dịch v&agrave; chất đẩy: 130g</p>\r\n\r\n<div>Dexpanthenol: 4.63g</div>\r\n\r\n<div>&nbsp;</div>\r\n\r\n<div>&nbsp;</div>\r\n\r\n<div><strong>Chống chỉ định:</strong></div>\r\n\r\n<div>Chưa c&oacute; hạn chế g&igrave; khi sử dụng Panthenol spray.</div>\r\n\r\n<div>&nbsp;</div>\r\n\r\n<div>&nbsp;</div>\r\n\r\n<div>\r\n<div><strong>Lưu &yacute;:</strong></div>\r\n\r\n<div>B&igrave;nh chứa thuốc &aacute;p suất cao do đ&oacute; n&ecirc;n bảo quản ở nhiệt độ dưới 50oC v&agrave; kh&ocirc;ng d&ugrave;ng lực hoặc sức n&oacute;ng để mở b&igrave;nh, ngay cả khi đ&atilde; d&ugrave;ng hết thuốc. Nếu kh&ocirc;ng th&ocirc;ng tho&aacute;ng th&iacute;ch hợp, thuốc c&oacute; thể tạo ra hỗn hợp g&acirc;y nổ. Kh&ocirc;ng được phun thuốc v&agrave;o ngọn lửa hoặc c&aacute;c vật đang n&oacute;ng. Để xa c&aacute;c nguồn dễ bắt ch&aacute;y, kh&ocirc;ng h&uacute;t thuốc l&aacute; để ngo&agrave;i tầm tay trẻ em. Th&ocirc;ng b&aacute;o cho B&aacute;c sĩ những t&aacute;c dụng kh&ocirc;ng mong muốn gặp phải khi sử dụng thuốc. Kh&ocirc;ng c&oacute; lưu &yacute; đặc biệt khi sử dụng Panthenol spray cho trẻ em v&agrave; người gi&agrave;, người lớn cần theo d&otilde;i khi d&ugrave;ng thuốc cho trẻ em.</div>\r\n\r\n<div>&nbsp;</div>\r\n\r\n<div>&nbsp;</div>\r\n\r\n<div><strong>T&aacute;c dụng phụ</strong></div>\r\n\r\n<div>Ở một số người c&oacute; thể xảy ra c&aacute;c phản ứng kh&ocirc;ng dung nạp dưới dạng dị ứng tiếp x&uacute;c. Cần b&aacute;o cho dược sỹ hoặc B&aacute;c sĩ khi bạn gặp phải t&aacute;c dụng kh&ocirc;ng mong muốn kh&ocirc;ng c&oacute; ghi trong bản hướng dẫn sử dụng n&agrave;y.</div>\r\n</div>\r\n\r\n<div>&nbsp;</div>\r\n\r\n<div>&nbsp;</div>\r\n\r\n<div><strong>Liều lượng:</strong></div>\r\n\r\n<ul>\r\n	<li>Phun Panthenol spray l&ecirc;n chỗ tổn thương đều đặn ng&agrave;y một lần hoặc v&agrave;i lần.</li>\r\n	<li>C&aacute;ch d&ugrave;ng: Giữ b&igrave;nh thẳng đứng, đầu van quay l&ecirc;n ph&iacute;a tr&ecirc;n. Trước khi d&ugrave;ng, lắc mạnh b&igrave;nh thuốc, nhất l&agrave; khi đ&atilde; l&acirc;u kh&ocirc;ng d&ugrave;ng đến, nhằm tạo ra bọt thuốc chất lượng tốt. Khi sử dụng lần đầu, c&oacute; thể chỉ thấy khi đẩy phun ra trước khi bọt thuốc b&igrave;nh thường xuất hiện. Thời gian d&ugrave;ng Panthenol spray t&ugrave;y theo loại bệnh v&agrave; diễn biến của bệnh.</li>\r\n</ul>\r\n</div>\r\n'),
(25, 'Dầu gội Nizoral', 3, 10, 'Lọ 60ml', 22000, 100, 0.1, 'upload/medium_yki1363163768.png', '<p><em>&nbsp;Điều trị v&agrave; ph&ograve;ng ngừa g&agrave;u, lang ben, vi&ecirc;m da tiết b&atilde;</em></p>\r\n\r\n<p><strong>Th&agrave;nh phần:</strong><br />\r\n&nbsp; &nbsp;Ketononazole 20mg/g</p>\r\n'),
(26, 'V.Rohto for Kids', 7, 10, ' Hộp 1 lọ x 13ml', 33000, 100, 0.1, 'upload/medium_aic1331742459.png', '<p>Cải thiện t&igrave;nh trạng mỏi mắt, xung huyết kết mạc, ph&ograve;ng ngừa c&aacute;c bệnh về mắt (sau khi bơi, hoặc do bụi, mồ h&ocirc;i rơi v&agrave;o mắt).<br />\r\nKhắc phục t&igrave;nh trạng kh&oacute; chịu do d&ugrave;ng k&iacute;nh tiếp x&uacute;c cứng. vi&ecirc;m mắt do tia tử ngoại hoặc c&aacute;c tia s&aacute;ng kh&aacute;c (như m&ugrave; tuyết), vi&ecirc;m m&iacute; mắt, mắt mờ do tiết dịch.</p>\r\n'),
(27, 'Panthenol', 5, 10, 'Tuýp 10g', 19000, 100, 0.1, 'upload/medium_qia1331545287.png', '<p>Điều trị hỗ trợ c&aacute;c bệnh ở da v&agrave; ni&ecirc;m mạc, c&aacute;c tổn thương ở da như: da bị trợt,vết bỏng, bỏng do nước n&oacute;ng, hơi n&oacute;ng, vết thương phẫu thuật v&ocirc; khuẩn, mảnh gh&eacute;p da chậm l&agrave;nh, vết r&aacute;m nắng, da mất đ&agrave;n hồi, vết nứt v&agrave; kẽ nẻ, r&aacute;ch da cũng như c&aacute;c bệnh ngo&agrave;i da c&oacute; mụn nước to v&agrave; nhỏ, chứng herpes m&ocirc;i.</p>\r\n\r\n<div class="label_info">\r\n<div class="view-content-title"><strong>Th&agrave;nh phần, h&agrave;m lượng</strong></div>\r\n\r\n<div class="view-content-detail">Dexpanthenol: 4.63g</div>\r\n\r\n<div class="view-content-detail">&nbsp;</div>\r\n\r\n<div class="view-content-title"><strong>Chống chỉ định(Kh&ocirc;ng d&ugrave;ng cho những trường hợp sau)</strong></div>\r\n\r\n<div class="view-content-detail">Chưa c&oacute; hạn chế g&igrave; khi sử dụng Panthenol spray.</div>\r\n\r\n<div class="view-content-detail">&nbsp;</div>\r\n\r\n<div class="view-content-title"><strong>Lưu &yacute;(Thận trọng khi sử dụng)</strong></div>\r\n\r\n<div class="view-content-detail">B&igrave;nh chứa thuốc &aacute;p suất cao do đ&oacute; n&ecirc;n bảo quản ở nhiệt độ dưới 50oC v&agrave; kh&ocirc;ng d&ugrave;ng lực hoặc sức n&oacute;ng để mở b&igrave;nh, ngay cả khi đ&atilde; d&ugrave;ng hết thuốc. Nếu kh&ocirc;ng th&ocirc;ng tho&aacute;ng th&iacute;ch hợp, thuốc c&oacute; thể tạo ra hỗn hợp g&acirc;y nổ. Kh&ocirc;ng được phun thuốc v&agrave;o ngọn lửa hoặc c&aacute;c vật đang n&oacute;ng. Để xa c&aacute;c nguồn dễ bắt ch&aacute;y, kh&ocirc;ng h&uacute;t thuốc l&aacute; để ngo&agrave;i tầm tay trẻ em. Th&ocirc;ng b&aacute;o cho B&aacute;c sĩ những t&aacute;c dụng kh&ocirc;ng mong muốn gặp phải khi sử dụng thuốc. Kh&ocirc;ng c&oacute; lưu &yacute; đặc biệt khi sử dụng Panthenol spray cho trẻ em v&agrave; người gi&agrave;, người lớn cần theo d&otilde;i khi d&ugrave;ng thuốc cho trẻ em.</div>\r\n\r\n<div class="view-content-detail">&nbsp;</div>\r\n\r\n<div class="view-content-title"><strong>T&aacute;c dụng phụ</strong></div>\r\n\r\n<div class="view-content-detail">Ở một số người c&oacute; thể xảy ra c&aacute;c phản ứng kh&ocirc;ng dung nạp dưới dạng dị ứng tiếp x&uacute;c. Cần b&aacute;o cho dược sỹ hoặc B&aacute;c sĩ khi bạn gặp phải t&aacute;c dụng kh&ocirc;ng mong muốn kh&ocirc;ng c&oacute; ghi trong bản hướng dẫn sử dụng n&agrave;y.</div>\r\n\r\n<div class="view-content-detail">&nbsp;</div>\r\n\r\n<div class="view-content-title"><strong>Liều d&ugrave;ng</strong></div>\r\n\r\n<div class="view-content-detail">Cần tu&acirc;n theo những hướng dẫn sau đ&acirc;y, trừ khi B&aacute;c sĩ chỉ định một c&aacute;ch sử dụng kh&aacute;c cho Panthenol spray. Cần theo đ&uacute;ng c&aacute;c quy định khi sử dụng, nếu kh&ocirc;ng Panthenol spray kh&ocirc;ng thể c&oacute; t&aacute;c dụng tốt được. Phun Panthenol spray l&ecirc;n chỗ tổn thương đều đặn ng&agrave;y một lần hoặc v&agrave;i lần. Cần lưu &yacute; g&igrave; khi qu&ecirc;n kh&ocirc;ng d&ugrave;ng Panthenol spray? Xin tiến h&agrave;nh theo như c&aacute;ch đ&atilde; ghi ở mục &ldquo;hướng dẫn sử dụng&rdquo; Cần lưu &yacute; g&igrave; khi gi&aacute;n doạn hoặc d&ugrave;ng thuốc sớm? Nếu vậy, bạn c&oacute; thể l&agrave;m tổn hại đến kết quả tốt của điều trị. C&aacute;ch d&ugrave;ng: Giữ b&igrave;nh thẳng đứng, đầu van quay l&ecirc;n ph&iacute;a tr&ecirc;n. Trước khi d&ugrave;ng, lắc mạnh b&igrave;nh thuốc, nhất l&agrave; khi đ&atilde; l&acirc;u kh&ocirc;ng d&ugrave;ng đến, nhằm tạo ra bọt thuốc chất lượng tốt. Khi sử dụng lần đầu, c&oacute; thể chỉ thấy khi đẩy phun ra trước khi bọt thuốc b&igrave;nh thường xuất hiện. Thời gian d&ugrave;ng Panthenol spray t&ugrave;y theo loại bệnh v&agrave; diễn biến của bệnh.</div>\r\n</div>\r\n'),
(28, 'Bactroban', 6, 10, 'Tuýp 5g', 40000, 100, 0.1, 'upload/medium_zeb1331545219.png', '<p>Điều trị nhiễm tr&ugrave;ng da do vi khuẩn như chốc lở, vi&ecirc;m nang l&ocirc;ng, nhọt.</p>\r\n\r\n<div class="label_info">\r\n<p><strong>Th&agrave;nh Phần:&nbsp; </strong></p>\r\n\r\n<p>Mupirocin.</p>\r\n\r\n<p>&nbsp;</p>\r\n\r\n<p><strong>Chống Chỉ Định: &nbsp;</strong></p>\r\n\r\n<p>Qu&aacute; mẫn với Bactroban hay c&aacute;c thuốc mỡ kh&aacute;c c&oacute; chứa polyethylene glycol &amp; c&aacute;c t&aacute; dược kh&aacute;c.</p>\r\n\r\n<p>&nbsp;</p>\r\n\r\n<p><strong>Thận Trọng: &nbsp;</strong></p>\r\n\r\n<p>Kh&ocirc;ng d&ugrave;ng b&ocirc;i v&agrave;o mắt hoặc v&agrave;o trong mũi; tr&aacute;nh để thuốc tiếp x&uacute;c với mắt. Polyethylene glycol c&oacute; thể được hấp thu từ c&aacute;c vết thương hở &amp; da bị thương tổn &amp; được b&agrave;i tiết ra thận, do đ&oacute; cũng giống như c&aacute;c thuốc mỡ chứa polyethylene glycol kh&aacute;c, Bactroban d&ugrave;ng thận trọng khi c&oacute; bằng chứng l&agrave; suy thận vừa hoặc suy thận nặng.</p>\r\n\r\n<p>&nbsp;</p>\r\n\r\n<p><strong>Phản Ứng C&oacute; Hại:&nbsp;</strong></p>\r\n\r\n<p>Cảm gi&aacute;c n&oacute;ng bỏng, ch&acirc;m ch&iacute;ch, ngứa ở v&ugrave;ng b&ocirc;i thuốc. Hiếm gặp: phản ứng nhạy cảm tr&ecirc;n da. Phản ứng qu&aacute; mẫn to&agrave;n th&acirc;n cũng được ghi nhận.</p>\r\n\r\n<p>&nbsp;</p>\r\n\r\n<p><strong>Liều D&ugrave;ng: &nbsp;</strong></p>\r\n\r\n<p><em>Người lớn &amp; trẻ em</em>: b&ocirc;i l&ecirc;n v&ugrave;ng da nhiễm bệnh tối đa 3 lần/ng&agrave;y trong tối đa 10 ng&agrave;y. V&ugrave;ng da n&agrave;y c&oacute; thể băng k&iacute;n hay để hở nếu cần.</p>\r\n</div>\r\n'),
(29, 'Viêm da Bảo Phương', 4, 11, '8ml/1 lo', 30000, 100, 0.1, 'upload/medium_rzd1383318009.jpg', '<div class="pro_detail_use" style="position:relative;">\r\n<div style="margin: 0px; padding: 0px; color: rgb(0, 0, 0); font-family: arial; font-size: 12px; font-style: normal; font-variant: normal; font-weight: normal; letter-spacing: normal; line-height: 18px; orphans: auto; text-align: start; text-indent: 0px; text-transform: none; white-space: normal; widows: auto; word-spacing: 0px; -webkit-text-stroke-width: 0px;">Để điều trị c&aacute;c bệnh m&ugrave;a h&egrave; Vi&ecirc;m da Bảo Phương lu&ocirc;n đồng h&agrave;nh đặc trị c&aacute;c bệnh như: Ch&agrave;m da, giời leo, mụn rộp, mụn c&oacute;c v&agrave; vi&ecirc;m da tiếp x&uacute;c.&nbsp;</div>\r\n\r\n<div style="margin: 0px; padding: 0px; color: rgb(0, 0, 0); font-family: arial; font-size: 12px; font-style: normal; font-variant: normal; font-weight: normal; letter-spacing: normal; line-height: 18px; orphans: auto; text-align: start; text-indent: 0px; text-transform: none; white-space: normal; widows: auto; word-spacing: 0px; -webkit-text-stroke-width: 0px;">M&ugrave;a h&egrave; mồ h&ocirc;i lu&ocirc;n tiết ra c&agrave;ng l&agrave;m cho vết thương kh&oacute; se lại nếu kh&ocirc;ng điều trị kịp thời cho v&ugrave;ng da bị tổn thương. Vi&ecirc;m da Bảo Phương l&agrave;m se vết thương rất nhanh chỉ sau khi b&ocirc;i 2h.</div>\r\n\r\n<div style="margin: 0px; padding: 0px; color: rgb(0, 0, 0); font-family: arial; font-size: 12px; font-style: normal; font-variant: normal; font-weight: normal; letter-spacing: normal; line-height: 18px; orphans: auto; text-align: start; text-indent: 0px; text-transform: none; white-space: normal; widows: auto; word-spacing: 0px; -webkit-text-stroke-width: 0px;">&nbsp;</div>\r\n\r\n<div style="margin: 0px; padding: 0px; color: rgb(0, 0, 0); font-family: arial; font-size: 12px; font-style: normal; font-variant: normal; font-weight: normal; letter-spacing: normal; line-height: 18px; orphans: auto; text-align: start; text-indent: 0px; text-transform: none; white-space: normal; widows: auto; word-spacing: 0px; -webkit-text-stroke-width: 0px;">Vết thương hở l&agrave; nguy cơ để c&aacute;c virut x&acirc;m nhập - với cơ chế kh&aacute;ng vi&ecirc;m v&agrave; l&agrave;m l&agrave;nh vết thương - Vi&ecirc;m da Bảo Phương thực sự cần thiết cho c&aacute;c bệnh ngo&agrave;i da v&agrave;o m&ugrave;a h&egrave; đặc biệt an to&agrave;n d&ugrave;ng cho trẻ nhỏ v&igrave; th&agrave;nh phần chủ yếu l&agrave; thảo dược n&ecirc;n kh&ocirc;ng g&acirc;y t&aacute;c dụng phụ trong qu&aacute; tr&igrave;nh điều trị.</div>\r\n</div>\r\n');
INSERT INTO `Product` (`ProductID`, `ProductName`, `SupplierID`, `CategoryID`, `Unit`, `UnitPrice`, `Quantity`, `SaleOff`, `Picture`, `Description`) VALUES
(30, 'Trà tan Bảo Bảo', 2, 11, 'Hop 20 tui', 62000, 100, 0.1, 'upload/medium_ynl1382868825.gif', '<p><strong>Thuốc bổ gan, giải độc gan, hạ men gan, điều trị vi&ecirc;m gan, điều trị xơ gan, d&ugrave;ng c&ugrave;ng với thuốc: ch&ocirc;ng lao, thuốc chống ung thư, thuốc hạ sốt giảm đau chống vi&ecirc;m.</strong><br />\r\n&nbsp;</p>\r\n'),
(31, 'Bổ gan tiêu độc nhất nhất', 3, 11, 'Hộp 20 viên', 28000, 100, 0.1, 'upload/medium_xkx1382679264.jpg', '<p><strong><em><strong><span style="font-family:arial"><u><strong><em>C&Ocirc;NG DỤNG: </em></strong></u></span></strong></em></strong><span style="font-family:arial">ĐIỀU TRỊ VI&Ecirc;M GAN,VI&Ecirc;N GAN B CẤP V&Agrave; M&Atilde;N T&Iacute;NH,V&Agrave;NG DA,CH&Aacute;N ĂN,KH&Oacute; TI&Ecirc;U,T&Aacute;O B&Oacute;N,ĐAU GAN,SUY GAN.</span><br />\r\n<span style="font-family:arial">BẢO VỆ V&Agrave; PHỤC HỒI CHỨC NĂNG GAN,GIẢI ĐỘC GAN,CHỐNG DỊ ỨNG,MỀ ĐAY,LỞ NGỨA,MỤN NHỌT,R&Ocirc;M SẢY,SUY GIẢM CHỨC NĂNG GAN DO D&Ugrave;NG NHIỀU THUỐC T&Acirc;Y,HAY UỐNG RƯỢU, H&Uacute;T THUỐC NHIỀU.</span></p>\r\n'),
(32, 'Viên giải rượu ME-21', 7, 11, 'Hộp 4 viên', 15000, 100, 0.1, 'upload/medium_bkb1363169521.png', '<p><em>ME - 21 d&ugrave;ng để giải rượu, l&agrave;m mất những cảm gi&aacute;c kh&oacute; chịu khi uống rượu, gi&uacute;p cho người say rượu nhanh ch&oacute;ng trở lại trạng th&aacute;i b&igrave;nh thường, ngăn chặn t&aacute;c hại của rượu g&acirc;y n&ecirc;n đối với cơ thể.</em><br />\r\n&nbsp;</p>\r\n\r\n<p><strong>h&agrave;nh phần :</strong> Mỗi vi&ecirc;n nang chứa:</p>\r\n\r\n<div>&nbsp; &nbsp;Acid succinic.................................................... 100 mg</div>\r\n\r\n<div>&nbsp; &nbsp;Acid Fumaric................................................... 37,5 mg</div>\r\n\r\n<div>&nbsp; &nbsp;L - Glutamine.................................................... 100 mg</div>\r\n\r\n<div>&nbsp; &nbsp;Vitamin C........................................................... 25 mg</div>\r\n\r\n<div>&nbsp; &nbsp;Vitamin B1.......................................................... 50 mg</div>\r\n\r\n<div>&nbsp; &nbsp;Glucose.......................................................... vđ 1 vi&ecirc;n</div>\r\n\r\n<div>&nbsp;</div>\r\n\r\n<div><strong>T&aacute;c dụng:</strong></div>\r\n\r\n<div>&nbsp; &nbsp;Rượu sau khi hấp thu v&agrave;o cơ thể sẽ đI v&agrave;o từng tế b&agrave;o v&agrave; chuyển h&oacute;a th&agrave;nh Acetaldehyd. Đ&acirc;y l&agrave; một chất rất độc, nguy&ecirc;n nh&acirc;n g&acirc;y n&ecirc;n hầu hết c&aacute;c bệnh cho cơ thể khi uống rượu v&agrave; cũng l&agrave; chất g&acirc;y nghiện rượu.</div>\r\n\r\n<div>&nbsp; &nbsp;ME - 21 l&agrave; một thực phẩm bổ sung tự nhi&ecirc;n c&oacute; t&aacute;c dụng l&agrave;m giảm lượng Acetaldehyd tồn tại trong cơ thể khi uống rượu bằng c&aacute;ch l&agrave;m chậm sự tạo th&agrave;nh Acetaldehyd. Mặt kh&aacute;c ME - 21 c&ograve;n đẩy mạnh qu&aacute; tr&igrave;nh chuyển h&oacute;a Acetaldehyd th&agrave;nh CO2 v&agrave; H2O kh&ocirc;ng độc hại với cơ thể. Do đ&oacute; ME - 21 c&oacute; t&aacute;c dụng ngăn chặn những t&aacute;c hại do rượu g&acirc;y ra đối với c&aacute;c cơ quan nội tạng trong cơ thể người.</div>\r\n\r\n<div>&nbsp;</div>\r\n\r\n<div>&nbsp;</div>\r\n\r\n<div><strong>Liều d&ugrave;ng:</strong></div>\r\n\r\n<div>&nbsp; &nbsp;Uống 2 vi&ecirc;n trước khi uống rượu khoảng 30 ph&uacute;t v&agrave; 2 vi&ecirc;n sau khi uống rượu. T&ugrave;y thuộc v&agrave;o lượng rượu uống v&agrave;o v&agrave; trọng lượng cơ thể c&oacute; thể uống th&ecirc;m 2 vi&ecirc;n.</div>\r\n'),
(33, 'Natural Vitamin E', 6, 12, 'Lọ 130 g', 54000, 100, 0.1, 'upload/medium_lam1363164029.png', '<div class="pro_detail_use" style="position:relative;">\r\n<ul>\r\n	<li><em>Điều trị v&agrave; dự ph&ograve;ng t&igrave;nh trạng thiếu vitamin E. </em></li>\r\n	<li><em>Vitamin E thi&ecirc;n nhi&ecirc;n gi&uacute;p duy tr&igrave; vẻ đẹp của l&agrave;n da, l&agrave;m giảm tiến tr&igrave;nh l&atilde;o h&oacute;a của da v&agrave; gi&uacute;p ngăn ngừa xuất hiện nếp nhăn tr&ecirc;n da. </em></li>\r\n	<li><em>Đồng thời Vitamin E c&ograve;n c&oacute; t&aacute;c dụng như l&agrave; một chất chống oxy h&oacute;a, gi&uacute;p cho qu&aacute; tr&igrave;nh bảo vệ c&aacute;c tế b&agrave;o bị tổn thương g&acirc;y ra bởi qu&aacute; tr&igrave;nh oxy h&oacute;a của c&aacute;c gốc tự do.</em>\r\n	<div class="pro_detail_description">\r\n	<p><strong>Chỉ định: </strong><br />\r\n	&nbsp; &nbsp;Điều trị v&agrave; dự ph&ograve;ng t&igrave;nh trạng thiếu vitamin E. Vitamin E thi&ecirc;n nhi&ecirc;n gi&uacute;p duy tr&igrave; vẻ đẹp của l&agrave;n da, l&agrave;m giảm tiến tr&igrave;nh l&atilde;o h&oacute;a của da v&agrave; gi&uacute;p ngăn ngừa xuất hiện nếp nhăn tr&ecirc;n da. Đồng thời Vitamin E c&ograve;n c&oacute; t&aacute;c dụng như l&agrave; một chất chống oxy h&oacute;a, gi&uacute;p cho qu&aacute; tr&igrave;nh bảo vệ c&aacute;c tế b&agrave;o bị tổn thương g&acirc;y ra bởi qu&aacute; tr&igrave;nh oxy h&oacute;a của c&aacute;c gốc tự do.</p>\r\n\r\n	<p><strong>Liều lượng: </strong><br />\r\n	&nbsp; &nbsp;Một vi&ecirc;n nang một lần mỗi ng&agrave;y hoặc theo chỉ dẫn của B&aacute;c sĩ. Chống chỉ định: &nbsp;Bệnh nh&acirc;n giảm thrombinemia do thiếu hụt Vitamin K</p>\r\n\r\n	<p><strong>Thận trọng / Cảnh b&aacute;o: </strong><br />\r\n	&nbsp; &nbsp;Vitamin E c&oacute; thể l&agrave;m tăng t&aacute;c dụng của thuốc chống đ&ocirc;ng, warfarin hay c&aacute;c thuốc l&agrave;m lo&atilde;ng m&aacute;u. Vitamin E cũng c&oacute; thể l&agrave;m tăng t&aacute;c dụng ngăn cản sự ngưng kết tiểu cầu của Aspirin.<br />\r\n	&nbsp; &nbsp;Tham khảo &yacute; kiến của b&aacute;c sĩ trước khi d&ugrave;ng đồng thời vitamin E với c&aacute;c loại thuốc kể tr&ecirc;n.</p>\r\n\r\n	<p><strong>T&aacute;c dụng phụ: &nbsp;</strong><br />\r\n	&nbsp; &nbsp;Vitamin E kh&ocirc;ng g&acirc;y t&aacute;c dụng phụ n&agrave;o khi d&ugrave;ng ở liều th&ocirc;ng thường.<br />\r\n	&nbsp; &nbsp;Tuy nhi&ecirc;n khi d&ugrave;ng Vitamin E ở liều cao c&oacute; thể g&acirc;y buồn n&ocirc;n, kh&oacute; chịu ở dạ d&agrave;y hoặc ti&ecirc;u chảy, nứt lưỡi, vi&ecirc;m thanh quản hoặc lảo đảo ch&oacute;ng mặt. &nbsp; &nbsp;<br />\r\n	&nbsp; &nbsp;Những dấu hiệu n&agrave;y thường hiếm gặp nhưng khi c&oacute; c&aacute;c t&aacute;c dụng phụ th&igrave; chủ yếu l&agrave; những dấu hiệu về ti&ecirc;u h&oacute;a. Khi xuất hiện c&aacute;c dấu hiệu n&ecirc;u tr&ecirc;n n&ecirc;n tham khảo &yacute; kiến B&aacute;c sĩ hoặc Dược sĩ &nbsp;Natural Vitamin E 400</p>\r\n	</div>\r\n	</li>\r\n</ul>\r\n</div>\r\n'),
(34, 'BIBULA', 4, 12, 'Hộp 3 vỉ x 10 viên ', 115000, 100, 0.1, 'upload/medium_pqx1363160672.png', '<p><em>D&agrave;nh cho vợ chồng muốn sinh con, phụ nữ c&oacute; thai, phụ nữ đang cho con b&uacute;.</em><br />\r\n&nbsp;</p>\r\n\r\n<p><strong>Th&agrave;nh phần:</strong></p>\r\n\r\n<div>&nbsp; &nbsp;Bibula bao gồm 37 c&aacute;c vitamin, kho&aacute;ng chất v&agrave; chiết xuất từ thảo mộc cần thiết cho sức khỏe của c&aacute;c cặp vợ chồng trong thời kỳ chuẩn bị mang thai, phụ nữ mang thai v&agrave; b&agrave; mẹ cho con b&uacute;.&nbsp;</div>\r\n\r\n<div>&nbsp; &nbsp;Sản phẩm đảm bảo kh&ocirc;ng chứa chất bảo quản, m&agrave;u nh&acirc;n tạo hoặc chất phụ gia.</div>\r\n\r\n<div>&nbsp; &nbsp;Một số chất c&oacute; trong Bibula gồm: Vitamin A, Vitamin C, Vitamin D, Vitamin E, Vitamin K, Vitamin B1, Vitamin B2, Niaxin, Vitamin B6, Axit Folic, Vitamin B12, Biotin, Vitamin B5, Canxi, Sắt, I-ốt, Magie, Kẽm, Selen, &nbsp;Đồng, &nbsp;Mangan, Cỏ ba l&aacute; đỏ, Cỏ cari, Lipaza, Sữa c&acirc;y kế, Men ph&acirc;n giải tinh bộtAmylaza, v.v.&nbsp;</div>\r\n\r\n<div><strong>C&ocirc;ng dụng sản phẩm Bibula:</strong></div>\r\n\r\n<div>&nbsp; &nbsp;Chứa nhiều vitamin, kho&aacute;ng chất, axit amin, chiết xuất từ thảo mộc thi&ecirc;n nhi&ecirc;n nhằm hỗ trợ cho phụ nữ v&agrave; nam giới đang trong giai đoạn mong muốn mang thai; đang mang thai v&agrave; c&aacute;c b&agrave; mẹ đang cho con b&uacute;.</div>\r\n\r\n<div>&nbsp; &nbsp;Củng cố sức khỏe, tăng cường sức đề kh&aacute;ng v&agrave; chức năng của hệ thống miễn dịch, chống lại qu&aacute; tr&igrave;nh &ocirc;xy h&oacute;a; phục hồi c&aacute;c tế b&agrave;o bị tổn thương do t&aacute;c nh&acirc;n m&ocirc;i trường v&agrave; tuổi t&aacute;c; v&agrave; ngăn ngừa c&aacute;c tổn thương tế b&agrave;o do qu&aacute; tr&igrave;nh &ocirc;xy h&oacute;a; giảm mệt mỏi lo lắng, giảm căng thẳng; hỗ trợ chức năng ti&ecirc;u h&oacute;a v&agrave; hấp thụ.</div>\r\n\r\n<div>&nbsp; &nbsp;Gi&uacute;p thai nhi ph&aacute;t triển to&agrave;n diện.</div>\r\n\r\n<div>&nbsp; &nbsp;Gi&uacute;p cải thiện chất lượng v&agrave; lượng sữa mẹ.</div>\r\n\r\n<div><strong>Liều d&ugrave;ng v&agrave; c&aacute;ch d&ugrave;ng:</strong></div>\r\n\r\n<div>&nbsp; &nbsp;Liều d&ugrave;ng: 2 vi&ecirc;n/ng&agrave;y, uống từ 1-2 lần/ng&agrave;y c&ugrave;ng với bữa ăn hoặc theo chỉ dẫn của b&aacute;c sỹ.</div>\r\n\r\n<div><strong>Lưu &yacute;:</strong> Giữ thuốc xa tầm tay trẻ em.</div>\r\n\r\n<div>Bảo quản ở nơi tho&aacute;ng m&aacute;t, kh&ocirc; r&aacute;o (độ ẩm 40%), tr&aacute;nh &aacute;nh s&aacute;ng trực tiếp.</div>\r\n\r\n<div><strong>Cảnh b&aacute;o:</strong></div>\r\n\r\n<div>Trong trường hợp sử dụng qu&aacute; liều, gọi ngay b&aacute;c sĩ hoặc Trung t&acirc;m chống độc ngay lập tức.</div>\r\n'),
(35, 'Trivemec', 6, 12, 'Hộp 10 vỉ x 10', 50000, 100, 0.1, 'upload/medium_vhm1363169644.png', '<div class="pro_detail_use" style="position:relative;">\r\n<ul>\r\n	<li><em>Bổ sung vitamin B1, B6, B12 cho cơ thể gi&uacute;p ph&ograve;ng ngừa</em></li>\r\n	<li><em>Hỗ trợ điều trị c&aacute;c trường hợp thiếu Vitamin&nbsp;</em></li>\r\n</ul>\r\n</div>\r\n');

-- --------------------------------------------------------

--
-- Table structure for table `Suppliers`
--

CREATE TABLE `Suppliers` (
  `SupplierID` int(11) NOT NULL,
  `SupplierName` varchar(255) NOT NULL,
  `Address` varchar(255) DEFAULT NULL,
  `Phone` varchar(20) DEFAULT NULL,
  `Email` varchar(255) DEFAULT NULL
) ENGINE=InnoDB DEFAULT CHARSET=utf8;

--
-- Dumping data for table `Suppliers`
--

INSERT INTO `Suppliers` (`SupplierID`, `SupplierName`, `Address`, `Phone`, `Email`) VALUES
(1, 'Dược phẩm Nam Hà', '  Hà Nội 2', '0943767467', '  Namha@gmail.com'),
(2, 'Medinova', ' Hà nội', '09437674', ' Medinova@gmail.com'),
(3, ' Merz pharmaa GmbH', ' Hà nội', '0943767454', 'pahrrma@gmail.com'),
(4, 'Thành Nam', 'Hà Nội', '0943767567', 'Namha@gmail.com'),
(5, 'NAMHA Pharma', 'Hà Nội', '0943767567', 'namdsds@gmail.com'),
(6, 'OLIC - Thái Lan', 'Thái Lan', '0434545563', 'olic@gmail.com'),
(7, 'ROHTO', 'Hà nội', '09437674', 'namdsds@gmail.com');

-- --------------------------------------------------------

--
-- Table structure for table `Users`
--

CREATE TABLE `Users` (
  `UserID` int(11) NOT NULL,
  `UserName` varchar(255) DEFAULT NULL,
  `DOB` date DEFAULT NULL,
  `Address` varchar(255) NOT NULL,
  `Phone` varchar(20) DEFAULT NULL,
  `PassWord` varchar(255) NOT NULL,
  `Email` char(255) DEFAULT NULL,
  `permission` tinyint(4) DEFAULT '0',
  `FullName` varchar(100) NOT NULL
) ENGINE=InnoDB DEFAULT CHARSET=utf8;

--
-- Dumping data for table `Users`
--

INSERT INTO `Users` (`UserID`, `UserName`, `DOB`, `Address`, `Phone`, `PassWord`, `Email`, `permission`, `FullName`) VALUES
(1, 'admin', '2002-08-10', 'Ho Chi Minh', '09437675684', '1995', 'abc@gmail.com', 1, 'Lê Hoài Nam'),
(2, 'manager', '2015-12-12', ' ha noi', ' 01233545435', '1991', 'nameffect1@gmail.com', 1, 'Nguyễn Văn A'),
(3, 'guest', '2016-01-10', '0943767468', '1881', ' 12121', 'nameffect2@gmail.com', 0, 'Khách vãng lai'),
(21, 'hoainam11', '2016-03-16', 'rerere', '011111', '1995', 'nameffect1@gmail.com', 1, 'Hoai Nam'),
(22, 'hoainam951', '1995-12-12', 'Ha Noi', '09 437 674 67', '1995', 'nam@gmail.com', 0, '');

--
-- Indexes for dumped tables
--

--
-- Indexes for table `About`
--
ALTER TABLE `About`
  ADD PRIMARY KEY (`id`);

--
-- Indexes for table `Categories`
--
ALTER TABLE `Categories`
  ADD PRIMARY KEY (`CategoriesID`),
  ADD KEY `CategoriesID` (`CategoriesID`),
  ADD KEY `CategoriesID_2` (`CategoriesID`);

--
-- Indexes for table `OrderDetails`
--
ALTER TABLE `OrderDetails`
  ADD KEY `OrderID` (`OrderID`),
  ADD KEY `ProductID` (`ProductID`);

--
-- Indexes for table `Orders`
--
ALTER TABLE `Orders`
  ADD PRIMARY KEY (`OrderID`),
  ADD KEY `UserID` (`UserID`);

--
-- Indexes for table `Product`
--
ALTER TABLE `Product`
  ADD PRIMARY KEY (`ProductID`),
  ADD KEY `SupplierID` (`SupplierID`),
  ADD KEY `CategoryID` (`CategoryID`);

--
-- Indexes for table `Suppliers`
--
ALTER TABLE `Suppliers`
  ADD PRIMARY KEY (`SupplierID`);

--
-- Indexes for table `Users`
--
ALTER TABLE `Users`
  ADD PRIMARY KEY (`UserID`),
  ADD KEY `UserID` (`UserID`),
  ADD KEY `UserID_2` (`UserID`);

--
-- AUTO_INCREMENT for dumped tables
--

--
-- AUTO_INCREMENT for table `About`
--
ALTER TABLE `About`
  MODIFY `id` int(11) NOT NULL AUTO_INCREMENT, AUTO_INCREMENT=2;
--
-- AUTO_INCREMENT for table `Categories`
--
ALTER TABLE `Categories`
  MODIFY `CategoriesID` int(11) NOT NULL AUTO_INCREMENT, AUTO_INCREMENT=13;
--
-- AUTO_INCREMENT for table `Orders`
--
ALTER TABLE `Orders`
  MODIFY `OrderID` int(11) NOT NULL AUTO_INCREMENT, AUTO_INCREMENT=18;
--
-- AUTO_INCREMENT for table `Product`
--
ALTER TABLE `Product`
  MODIFY `ProductID` int(11) NOT NULL AUTO_INCREMENT, AUTO_INCREMENT=36;
--
-- AUTO_INCREMENT for table `Suppliers`
--
ALTER TABLE `Suppliers`
  MODIFY `SupplierID` int(11) NOT NULL AUTO_INCREMENT, AUTO_INCREMENT=8;
--
-- AUTO_INCREMENT for table `Users`
--
ALTER TABLE `Users`
  MODIFY `UserID` int(11) NOT NULL AUTO_INCREMENT, AUTO_INCREMENT=23;
--
-- Constraints for dumped tables
--

--
-- Constraints for table `OrderDetails`
--
ALTER TABLE `OrderDetails`
  ADD CONSTRAINT `OrderDetails_ibfk_2` FOREIGN KEY (`ProductID`) REFERENCES `Product` (`ProductID`),
  ADD CONSTRAINT `OrderDetails_ibfk_3` FOREIGN KEY (`OrderID`) REFERENCES `Orders` (`OrderID`) ON DELETE CASCADE;

--
-- Constraints for table `Orders`
--
ALTER TABLE `Orders`
  ADD CONSTRAINT `Orders_ibfk_1` FOREIGN KEY (`UserID`) REFERENCES `Users` (`UserID`) ON DELETE CASCADE ON UPDATE CASCADE;

--
-- Constraints for table `Product`
--
ALTER TABLE `Product`
  ADD CONSTRAINT `Product_ibfk_1` FOREIGN KEY (`SupplierID`) REFERENCES `Suppliers` (`SupplierID`),
  ADD CONSTRAINT `Product_ibfk_2` FOREIGN KEY (`CategoryID`) REFERENCES `Categories` (`CategoriesID`);

/*!40101 SET CHARACTER_SET_CLIENT=@OLD_CHARACTER_SET_CLIENT */;
/*!40101 SET CHARACTER_SET_RESULTS=@OLD_CHARACTER_SET_RESULTS */;
/*!40101 SET COLLATION_CONNECTION=@OLD_COLLATION_CONNECTION */;
